Game_ID,Player_ID,Player_Plus/Minus
021fd159b55773fba8157e2090fe0fe2,881f83d2dee3f18c7d1751659406144e,5
021fd159b55773fba8157e2090fe0fe2,cec898a1d355dbfbad8c760615fde1af,3
021fd159b55773fba8157e2090fe0fe2,a99f44bbff39e352191a870e17f04537,25
021fd159b55773fba8157e2090fe0fe2,89706b99ddd00dc05d37ef5cafc04276,16
021fd159b55773fba8157e2090fe0fe2,2b313e2bcef0268bc8e9415132ba9997,-5
021fd159b55773fba8157e2090fe0fe2,27ea17a8685c4919f157e83fe9cb2d9e,-9
021fd159b55773fba8157e2090fe0fe2,57bbd7e30bc694aeee9ee40c583e6811,-15
021fd159b55773fba8157e2090fe0fe2,33963fe856a1523ff46438ba07d1d99f,1
021fd159b55773fba8157e2090fe0fe2,c00264c3114d23bac482e9de50fb7d28,-11
021fd159b55773fba8157e2090fe0fe2,307beab25b1021a548b4a47550bc4b25,-7
021fd159b55773fba8157e2090fe0fe2,d6bc5eb6ed54c734628cb4d237f99031,0
021fd159b55773fba8157e2090fe0fe2,1362d9ad805e7cc4ea3a9467c91142d6,-1
021fd159b55773fba8157e2090fe0fe2,b2fada91a0c8a0f400623c425286ae2e,4
021fd159b55773fba8157e2090fe0fe2,603daefb2fa321f3abab289805fdcc25,-6
021fd159b55773fba8157e2090fe0fe2,60b5f9f68ccbbf7ba3fa13a2189e2775,1
021fd159b55773fba8157e2090fe0fe2,c1fe6ed491d04e3cdf50755dff23b263,6
021fd159b55773fba8157e2090fe0fe2,2d9594e4d250679e7a3383ad5ccd2f44,0
021fd159b55773fba8157e2090fe0fe2,8bb18fb1d0cc10c985afa823ecec6d18,0
021fd159b55773fba8157e2090fe0fe2,314c71574689f752c17b83cd6a4d770e,-7
03a31e84b194d6c8a2eab5d70ba67acf,71cd93e320cd2da78733d23dae3274a0,-11
03a31e84b194d6c8a2eab5d70ba67acf,e2d5a38e5f826708c89f2f728eade916,-17
03a31e84b194d6c8a2eab5d70ba67acf,8bea2707e7bf04c8a3d8188b87d92c0e,-23
03a31e84b194d6c8a2eab5d70ba67acf,952cb62f00fbb58407f3a7cd89c3a7bf,-12
03a31e84b194d6c8a2eab5d70ba67acf,1376b4800e5b2d50ce35a57827eadcfc,-21
03a31e84b194d6c8a2eab5d70ba67acf,2b8bdfc64f41d1adefabcf7e0667a618,7
03a31e84b194d6c8a2eab5d70ba67acf,17651fd844ca9177694e0fe8e13ade03,8
03a31e84b194d6c8a2eab5d70ba67acf,387d067091bd3a9264576ddb74759f5f,17
03a31e84b194d6c8a2eab5d70ba67acf,5fe2b12999c5b4a17dba17cb76b0cfbc,14
03a31e84b194d6c8a2eab5d70ba67acf,f5f1164263044fc2ee91242daa221045,21
03a31e84b194d6c8a2eab5d70ba67acf,e688b1a601a44fb2ac79c58bf6c89e8b,14
03a31e84b194d6c8a2eab5d70ba67acf,7438349cba4a3154e331f38cfbb2dd5e,-10
03a31e84b194d6c8a2eab5d70ba67acf,e6d3fc584789b9b914791ec969a8d5a4,16
03a31e84b194d6c8a2eab5d70ba67acf,43a74f78a8e39c7fb0ad193fb24f52ba,7
03a31e84b194d6c8a2eab5d70ba67acf,257b19b06545dcb0a4eb3a01d7952eed,11
03a31e84b194d6c8a2eab5d70ba67acf,6b08fc64c8d282c36e800d28eb278027,-17
03a31e84b194d6c8a2eab5d70ba67acf,b248b1d9caa41a3562d67584c1a0b399,-11
03a31e84b194d6c8a2eab5d70ba67acf,84a4a3c70c57b7d570baca43b5423ba3,-2
03a31e84b194d6c8a2eab5d70ba67acf,1e76e7a4a5b6d17e67172710d86b6b51,3
03a31e84b194d6c8a2eab5d70ba67acf,81e57235a0f7d2ad49e275ae41070094,3
03a31e84b194d6c8a2eab5d70ba67acf,d1af6080bd4b6a794ba3595dab2b1fb8,3
06bb1d31c63891e2580ff12e4e6505b4,394e78a51b6d2fd3c046f11f49fcab57,7
06bb1d31c63891e2580ff12e4e6505b4,1a8dfc8c85278dd28ed7985e40fc6018,0
06bb1d31c63891e2580ff12e4e6505b4,d8e4f0fd2e836518e681c99a3f9e4411,-2
06bb1d31c63891e2580ff12e4e6505b4,1a48480fc3370082483f158f10948bba,-10
06bb1d31c63891e2580ff12e4e6505b4,646b0273682c1592a938bbfb21332ded,2
06bb1d31c63891e2580ff12e4e6505b4,adcd53acc9f5585db4c510745b2bac89,-7
06bb1d31c63891e2580ff12e4e6505b4,9d4117dd37b6a8592a711ef940b82de4,-5
06bb1d31c63891e2580ff12e4e6505b4,58f273dbbf002f0ec411fc247e07dd0a,-12
06bb1d31c63891e2580ff12e4e6505b4,9f0ee42268a2542d7fd028fe79184286,-8
06bb1d31c63891e2580ff12e4e6505b4,1cd0599b37f77c2be76a2c6df23d1ba8,-1
06bb1d31c63891e2580ff12e4e6505b4,eaa6c5d9e964e04fa05b4db476fb46f0,-2
06bb1d31c63891e2580ff12e4e6505b4,1c73194e0fa711701298e4a27b046bab,2
06bb1d31c63891e2580ff12e4e6505b4,b098111d3935607a714ddc7d4b057a1b,-4
06bb1d31c63891e2580ff12e4e6505b4,28ce9a11a56397b259299fdd9710dab5,-4
06bb1d31c63891e2580ff12e4e6505b4,762b12c3cb57fad4b882040b3293fa31,19
06bb1d31c63891e2580ff12e4e6505b4,3056d865481cd5919672eb92e1f8b53f,7
06bb1d31c63891e2580ff12e4e6505b4,85b8db431f11d51d5def87fc58229be4,9
06bb1d31c63891e2580ff12e4e6505b4,1532445b96ca1edd411bfae064b189bb,11
06bb1d31c63891e2580ff12e4e6505b4,f285f13f0c036a88bd85535e47e88aef,-2
07e76f7482773e81e2351d1692e9e5bb,336ec76a9accfb5359ea7e69f2610947,11
07e76f7482773e81e2351d1692e9e5bb,867712e1cdfd8b15d083f3be2af4bc0f,7
07e76f7482773e81e2351d1692e9e5bb,5f2d1b7a31eb9117654c9d056093bfa5,19
07e76f7482773e81e2351d1692e9e5bb,bc77b0f38cb51b2cfe8552000e585cbf,20
07e76f7482773e81e2351d1692e9e5bb,4596ed9dd04a94f6ad5e60ebda302350,14
07e76f7482773e81e2351d1692e9e5bb,f2e41e7ce25aff54b85ee5ab66f69187,-19
07e76f7482773e81e2351d1692e9e5bb,64434221db9ba319f8d13632f1c2ad32,-20
07e76f7482773e81e2351d1692e9e5bb,c2502dbdbdc5273bac8daa884e3ff63a,-20
07e76f7482773e81e2351d1692e9e5bb,1b335cd14d37addc486b357c3b58db27,-19
07e76f7482773e81e2351d1692e9e5bb,67f4ecb2bff373b7f14f59bdf87b47c6,-14
07e76f7482773e81e2351d1692e9e5bb,9075d598a348b290d9c426e41662e593,4
07e76f7482773e81e2351d1692e9e5bb,9fa70948d1ad86af009ffad239f8a464,-3
07e76f7482773e81e2351d1692e9e5bb,3a7ac3ab38d3261d8c162d52a7f4e644,16
07e76f7482773e81e2351d1692e9e5bb,963242c7a25ba9a70b245f482e960e75,12
07e76f7482773e81e2351d1692e9e5bb,36f020989d86eefe270ab346e6f80e4e,3
07e76f7482773e81e2351d1692e9e5bb,b2ba11f9de4921e8eee910b7c9d5404f,-5
07e76f7482773e81e2351d1692e9e5bb,050e16220dddff68fc37eca695cee3b4,10
07e76f7482773e81e2351d1692e9e5bb,508d962863dc09f49884cdd9a53d804a,-4
07e76f7482773e81e2351d1692e9e5bb,007b0de63548bac45dfacc0870a4a537,-5
07e76f7482773e81e2351d1692e9e5bb,404f3be24b921150227c13f766e084cf,-6
07e76f7482773e81e2351d1692e9e5bb,2faa88bc657b3dbf4aeeb2f3eb7a1e23,-1
0868dee930f69a54541d4ae88b841a37,45e7a758a91a254ff04756562e740f2d,-7
0868dee930f69a54541d4ae88b841a37,d38e656ac7e867b6f28064fcf8d8fcaf,-16
0868dee930f69a54541d4ae88b841a37,00654b6c2e1d8c24d06464620db7a262,-6
0868dee930f69a54541d4ae88b841a37,c4072556336827a70c8a0298bc658b5b,7
0868dee930f69a54541d4ae88b841a37,8c95d54ad5593f5c4fc5015dcded3b55,-23
0868dee930f69a54541d4ae88b841a37,336ec76a9accfb5359ea7e69f2610947,14
0868dee930f69a54541d4ae88b841a37,5f2d1b7a31eb9117654c9d056093bfa5,20
0868dee930f69a54541d4ae88b841a37,bc77b0f38cb51b2cfe8552000e585cbf,8
0868dee930f69a54541d4ae88b841a37,4596ed9dd04a94f6ad5e60ebda302350,-6
0868dee930f69a54541d4ae88b841a37,1278107e4a5c3735de706159c381fd82,10
0868dee930f69a54541d4ae88b841a37,be9b1397bcb9fb9104edd23670988cda,-16
0868dee930f69a54541d4ae88b841a37,867712e1cdfd8b15d083f3be2af4bc0f,7
0868dee930f69a54541d4ae88b841a37,021dabc5d7a1404ec8ad34fe8ca4b5e3,10
0868dee930f69a54541d4ae88b841a37,050e16220dddff68fc37eca695cee3b4,5
0868dee930f69a54541d4ae88b841a37,36f020989d86eefe270ab346e6f80e4e,19
0868dee930f69a54541d4ae88b841a37,3a7ac3ab38d3261d8c162d52a7f4e644,3
0868dee930f69a54541d4ae88b841a37,4f4e47023263931e1445dc97f7dae941,-19
0868dee930f69a54541d4ae88b841a37,315f46f7a5e1de7ef9b4c2430ce64e2d,-19
0868dee930f69a54541d4ae88b841a37,7afc3cf0c2557f13e927da9ab03725dc,5
0868dee930f69a54541d4ae88b841a37,5779f715384a05dc9cea4ddf21ab564c,4
0868dee930f69a54541d4ae88b841a37,963242c7a25ba9a70b245f482e960e75,0
09d46e3d7a8253b7209100650b5afaeb,4d371dbb9d07b0a451e6a253244d3079,5
09d46e3d7a8253b7209100650b5afaeb,501e22e48df13d5a5b2b85a08c6d2ca9,19
09d46e3d7a8253b7209100650b5afaeb,6284f9ad059fd7910f24ab69df891760,26
09d46e3d7a8253b7209100650b5afaeb,3f67235a5607746cc215eee5dd447a5e,-6
09d46e3d7a8253b7209100650b5afaeb,d74c692dc5f817e5d6598338b24e1035,-6
09d46e3d7a8253b7209100650b5afaeb,45e7a758a91a254ff04756562e740f2d,-10
09d46e3d7a8253b7209100650b5afaeb,00654b6c2e1d8c24d06464620db7a262,-8
09d46e3d7a8253b7209100650b5afaeb,c4072556336827a70c8a0298bc658b5b,-12
09d46e3d7a8253b7209100650b5afaeb,6f63b8522b79b45c4b88cf0129161f01,-7
09d46e3d7a8253b7209100650b5afaeb,8c95d54ad5593f5c4fc5015dcded3b55,-1
09d46e3d7a8253b7209100650b5afaeb,770d24797fbad8f1bddd585ef8297e2b,-1
09d46e3d7a8253b7209100650b5afaeb,f79a2b5e6190ac3c534645e806f1b611,14
09d46e3d7a8253b7209100650b5afaeb,021dabc5d7a1404ec8ad34fe8ca4b5e3,-18
09d46e3d7a8253b7209100650b5afaeb,fa59d02355adde510fbf3dd7a0b0930d,-3
09d46e3d7a8253b7209100650b5afaeb,cc6c4b67ac08f33590e75e9474122fc4,12
09d46e3d7a8253b7209100650b5afaeb,79af15b6a2238e81cd52b99490ed2709,14
09d46e3d7a8253b7209100650b5afaeb,93130c3cfa0d9d9a7635a085c3be99a1,-1
09d46e3d7a8253b7209100650b5afaeb,be9b1397bcb9fb9104edd23670988cda,11
09d46e3d7a8253b7209100650b5afaeb,7afc3cf0c2557f13e927da9ab03725dc,6
09d46e3d7a8253b7209100650b5afaeb,66c69301f757e48e6b780927b5a55e11,-21
09d46e3d7a8253b7209100650b5afaeb,3cc886aecaeb231f093c5bdded29d2dd,-13
09d46e3d7a8253b7209100650b5afaeb,4f4e47023263931e1445dc97f7dae941,0
13ced855d491384876c6ab807bd1d3db,cc7946cd2fd5f9d5c15247fbdddce8f3,5
13ced855d491384876c6ab807bd1d3db,74f677b5efa87503eead993dfa30ca27,12
13ced855d491384876c6ab807bd1d3db,03de9006db92bdee3030980760dcbcf5,10
13ced855d491384876c6ab807bd1d3db,98657a73f988f7c0824a16fd368bfa62,-16
13ced855d491384876c6ab807bd1d3db,ca8e2e9b58c57efe6c919dcbb53ee86c,8
13ced855d491384876c6ab807bd1d3db,1532445b96ca1edd411bfae064b189bb,-6
13ced855d491384876c6ab807bd1d3db,394e78a51b6d2fd3c046f11f49fcab57,-12
13ced855d491384876c6ab807bd1d3db,1a8dfc8c85278dd28ed7985e40fc6018,-9
13ced855d491384876c6ab807bd1d3db,d8e4f0fd2e836518e681c99a3f9e4411,-3
13ced855d491384876c6ab807bd1d3db,646b0273682c1592a938bbfb21332ded,-1
13ced855d491384876c6ab807bd1d3db,d5701055e262ef5bd9f3fa6e11014327,8
13ced855d491384876c6ab807bd1d3db,762b12c3cb57fad4b882040b3293fa31,-3
13ced855d491384876c6ab807bd1d3db,1c73194e0fa711701298e4a27b046bab,-3
13ced855d491384876c6ab807bd1d3db,881f83d2dee3f18c7d1751659406144e,6
13ced855d491384876c6ab807bd1d3db,12327e4171bb9715104ea70c722869ea,4
13ced855d491384876c6ab807bd1d3db,dcb6b241fcbbd838bc3437c8e1fc4ccb,-7
13ced855d491384876c6ab807bd1d3db,9e0ccb212abed9880097869dbfb903c5,-1
13ced855d491384876c6ab807bd1d3db,15dbf00f25f3f2d86cde4775018d44b5,-5
13ced855d491384876c6ab807bd1d3db,1a48480fc3370082483f158f10948bba,4
13ced855d491384876c6ab807bd1d3db,3056d865481cd5919672eb92e1f8b53f,9
15d76177caa6022156e83774c2e054d3,501e22e48df13d5a5b2b85a08c6d2ca9,17
15d76177caa6022156e83774c2e054d3,b02d6090eb1155aab0614815c9f9ad73,0
15d76177caa6022156e83774c2e054d3,6284f9ad059fd7910f24ab69df891760,10
15d76177caa6022156e83774c2e054d3,3f67235a5607746cc215eee5dd447a5e,4
15d76177caa6022156e83774c2e054d3,d74c692dc5f817e5d6598338b24e1035,11
15d76177caa6022156e83774c2e054d3,e5e2fb66fc3e8ee0edf076e60d343031,-9
15d76177caa6022156e83774c2e054d3,d4777cb3468137b35f7e80b7434bec27,-8
15d76177caa6022156e83774c2e054d3,0beb157ecf02b2c67048597bb3c514b5,-11
15d76177caa6022156e83774c2e054d3,b67e5a2e593be71fe871d7d511f0ab55,-3
15d76177caa6022156e83774c2e054d3,78b2c63af827b482d7e3ffa096f4fbd2,-8
15d76177caa6022156e83774c2e054d3,f74cedcf99a3aabc222398db7499bac1,3
15d76177caa6022156e83774c2e054d3,fa59d02355adde510fbf3dd7a0b0930d,-2
15d76177caa6022156e83774c2e054d3,cc6c4b67ac08f33590e75e9474122fc4,1
15d76177caa6022156e83774c2e054d3,6de0ac647d194bdcfc0854c7ad51c44e,-7
15d76177caa6022156e83774c2e054d3,17c5b4a9be5e0fa567d3d38ca65e4005,-2
15d76177caa6022156e83774c2e054d3,93130c3cfa0d9d9a7635a085c3be99a1,5
15d76177caa6022156e83774c2e054d3,321fe275d1d66f05c5014fd97e870834,-5
15d76177caa6022156e83774c2e054d3,66c69301f757e48e6b780927b5a55e11,-1
15d76177caa6022156e83774c2e054d3,3cc886aecaeb231f093c5bdded29d2dd,5
1eab6189ad9ab246c197575a8c4eebe5,501e22e48df13d5a5b2b85a08c6d2ca9,18
1eab6189ad9ab246c197575a8c4eebe5,b02d6090eb1155aab0614815c9f9ad73,36
1eab6189ad9ab246c197575a8c4eebe5,6284f9ad059fd7910f24ab69df891760,33
1eab6189ad9ab246c197575a8c4eebe5,3f67235a5607746cc215eee5dd447a5e,16
1eab6189ad9ab246c197575a8c4eebe5,770d24797fbad8f1bddd585ef8297e2b,17
1eab6189ad9ab246c197575a8c4eebe5,58a634d96007527e1989120fe42d1072,-7
1eab6189ad9ab246c197575a8c4eebe5,c5a353e301078ea1cb4e8bc8fede12e9,-29
1eab6189ad9ab246c197575a8c4eebe5,9205d55e83f96be2290f1e8849e9f062,-17
1eab6189ad9ab246c197575a8c4eebe5,d29058993b5746d37d0fd5348c5018e2,0
1eab6189ad9ab246c197575a8c4eebe5,3637dae74ec0bcaa39275df5ef7bea71,-38
1eab6189ad9ab246c197575a8c4eebe5,fcca0a6b42249d73d83db4651c1c1c91,-13
1eab6189ad9ab246c197575a8c4eebe5,d60757b977513c3d88aad57e520cd3f3,-2
1eab6189ad9ab246c197575a8c4eebe5,7c1c2ad6f3088c952dffd0335bb3af9b,-10
1eab6189ad9ab246c197575a8c4eebe5,cc6c4b67ac08f33590e75e9474122fc4,10
1eab6189ad9ab246c197575a8c4eebe5,3cc886aecaeb231f093c5bdded29d2dd,-2
1eab6189ad9ab246c197575a8c4eebe5,79af15b6a2238e81cd52b99490ed2709,5
1eab6189ad9ab246c197575a8c4eebe5,cc770adb9f49dec34c5f80808fdfd418,-1
1eab6189ad9ab246c197575a8c4eebe5,66c69301f757e48e6b780927b5a55e11,-12
1eab6189ad9ab246c197575a8c4eebe5,93130c3cfa0d9d9a7635a085c3be99a1,-4
1eab6189ad9ab246c197575a8c4eebe5,abbf4d36fe2ae588a1d096b0a88aa0c9,-12
1eab6189ad9ab246c197575a8c4eebe5,0b0dfe077fd547134c4b631cc7008465,12
1f9e3cb05c031986cf8bc7c0a84cc517,b90945b4a95bfc10ffc239ec4eac211d,-32
1f9e3cb05c031986cf8bc7c0a84cc517,c6199433c79a95a34133f86971a148b1,-23
1f9e3cb05c031986cf8bc7c0a84cc517,9d54ec2880190738ff0b490850aa21ef,-17
1f9e3cb05c031986cf8bc7c0a84cc517,c6a9f7baaf3b88105816cf658c0cf7e8,-35
1f9e3cb05c031986cf8bc7c0a84cc517,57ed4bb35e7cef3fc5f579bd119ceeca,-26
1f9e3cb05c031986cf8bc7c0a84cc517,bb78908ffd321b2e0709b9b462786360,32
1f9e3cb05c031986cf8bc7c0a84cc517,9f5b1af88e7d95ccb819e311d22fc1d9,28
1f9e3cb05c031986cf8bc7c0a84cc517,e0dffa2151192e79ffe8fb354c90ee27,39
1f9e3cb05c031986cf8bc7c0a84cc517,bd20bf656b42bc62dbff50057d2b229a,39
1f9e3cb05c031986cf8bc7c0a84cc517,6747ed60ebf43c90d3329c9d744662cb,27
1f9e3cb05c031986cf8bc7c0a84cc517,4341f809d409ac17565852620cf80cbd,-15
1f9e3cb05c031986cf8bc7c0a84cc517,2f1121d01dbff3e3dd6f17841dd34120,-15
1f9e3cb05c031986cf8bc7c0a84cc517,70f7e0aad42e27aacb7490d349a4b233,-26
1f9e3cb05c031986cf8bc7c0a84cc517,9ddd4ed866679ee1020a2c8c426b222a,5
1f9e3cb05c031986cf8bc7c0a84cc517,ff9ea417d5345bb5e4e6ec152ae2358f,17
1f9e3cb05c031986cf8bc7c0a84cc517,173f319db1edc802bf85ecff4a759d8c,8
1f9e3cb05c031986cf8bc7c0a84cc517,2bff96fb00704f4d84b67d3ec95db8fd,1
1f9e3cb05c031986cf8bc7c0a84cc517,011ffbd69cd25a2324c720b64f31712a,4
1f9e3cb05c031986cf8bc7c0a84cc517,73be785a9fbca2eff767fbce1c398d66,2
1f9e3cb05c031986cf8bc7c0a84cc517,e96dc78c444bead3a3e7d169f2fa6e07,0
1f9e3cb05c031986cf8bc7c0a84cc517,d39a4c1fa31258c322488a7329674adc,-8
1f9e3cb05c031986cf8bc7c0a84cc517,8855d25a0461a5ed487d0dbc7ad6c73b,-8
1f9e3cb05c031986cf8bc7c0a84cc517,35ca3467b0fbb6a737c25f3f4ca5b2a8,-6
1f9e3cb05c031986cf8bc7c0a84cc517,cbc1063c3b1731493f5de7dcd822a193,9
1f9e3cb05c031986cf8bc7c0a84cc517,c149a245aa42a54348d9f4534c182e22,5
1f9e3cb05c031986cf8bc7c0a84cc517,89c04f26448f309cd55b487b0722bdad,-5
2bf4ac0ed9ac1aee8767134d62b34dfe,4eff0c7b3c32f68bfece327044b47b49,15
2bf4ac0ed9ac1aee8767134d62b34dfe,4a34b108d006b92660ec7593dde29e0d,11
2bf4ac0ed9ac1aee8767134d62b34dfe,30f38d775cff2a96532ccc7c5e48c48b,20
2bf4ac0ed9ac1aee8767134d62b34dfe,73cae0c04831cfb8dd47d5f41faf277f,5
2bf4ac0ed9ac1aee8767134d62b34dfe,52af793d0eeef92b05ce0d6b01cf2542,-4
2bf4ac0ed9ac1aee8767134d62b34dfe,f2e41e7ce25aff54b85ee5ab66f69187,5
2bf4ac0ed9ac1aee8767134d62b34dfe,64434221db9ba319f8d13632f1c2ad32,-16
2bf4ac0ed9ac1aee8767134d62b34dfe,c2502dbdbdc5273bac8daa884e3ff63a,5
2bf4ac0ed9ac1aee8767134d62b34dfe,1b335cd14d37addc486b357c3b58db27,-19
2bf4ac0ed9ac1aee8767134d62b34dfe,67f4ecb2bff373b7f14f59bdf87b47c6,-10
2bf4ac0ed9ac1aee8767134d62b34dfe,ad6a98bfd42a5a831a1a3401eaf96785,11
2bf4ac0ed9ac1aee8767134d62b34dfe,b2ba11f9de4921e8eee910b7c9d5404f,-9
2bf4ac0ed9ac1aee8767134d62b34dfe,0f02d616e027988803324c84e8951a0e,15
2bf4ac0ed9ac1aee8767134d62b34dfe,36d0e99d34dfb110a853cd2892065234,14
2bf4ac0ed9ac1aee8767134d62b34dfe,ffaf641f9379f76a57f15bab1e788e6d,-30
2bf4ac0ed9ac1aee8767134d62b34dfe,50dd3829e418e0c92efe29566f288942,-1
2bf4ac0ed9ac1aee8767134d62b34dfe,926af53b4f0e8e7afd53aa2a4c46895d,-35
2bf4ac0ed9ac1aee8767134d62b34dfe,53502b8d547e58de75cb1622f66cae09,32
2bf4ac0ed9ac1aee8767134d62b34dfe,404f3be24b921150227c13f766e084cf,-17
2bf4ac0ed9ac1aee8767134d62b34dfe,05c7b48e2ce68df138826699856fe6a5,18
2bf4ac0ed9ac1aee8767134d62b34dfe,508d962863dc09f49884cdd9a53d804a,-4
2bf4ac0ed9ac1aee8767134d62b34dfe,6a20279d61d8be94ea457bb5f6fe077a,-3
2bf4ac0ed9ac1aee8767134d62b34dfe,862015a22d1dd86103d865691dab92f0,-3
2faabfa663f4dfb9ed83a1482088e092,2f04dbbabeefc1447ca06ae228d8b42c,16
2faabfa663f4dfb9ed83a1482088e092,466ef3d80ec02640eeecea72e08ad8c6,3
2faabfa663f4dfb9ed83a1482088e092,522a32a0442e32bce9aba28ac7ba327b,-4
2faabfa663f4dfb9ed83a1482088e092,039bd19014e6cfcf867f442aa412ad6a,2
2faabfa663f4dfb9ed83a1482088e092,16f7d070421f93ae177d8adf1bc0edf2,2
2faabfa663f4dfb9ed83a1482088e092,7021635e4c42453f92b82fe89cfffa35,-1
2faabfa663f4dfb9ed83a1482088e092,293f2b24a7c44b0d65cd9ac09b680ffc,-12
2faabfa663f4dfb9ed83a1482088e092,c493d9929037f011bcb3ff8a2e468c6a,-18
2faabfa663f4dfb9ed83a1482088e092,b07ed3ce0e4991320064795011f02d4d,8
2faabfa663f4dfb9ed83a1482088e092,38165bacb00c27108cc23681972ee9ab,-13
2faabfa663f4dfb9ed83a1482088e092,14629670f976c0320bd2085956d073e1,0
2faabfa663f4dfb9ed83a1482088e092,d3e3ae70ac393f24335f922cdeec1b1a,0
2faabfa663f4dfb9ed83a1482088e092,4d64187a5343a51197a799982a97d173,3
2faabfa663f4dfb9ed83a1482088e092,53e6c98d995191bfb806c5a7cf93db05,1
2faabfa663f4dfb9ed83a1482088e092,aa062d0d43fb0f311e962c085e1fb744,3
2faabfa663f4dfb9ed83a1482088e092,a555fb30be57b11cdfbffa3654ba9f83,8
2faabfa663f4dfb9ed83a1482088e092,cdb159e491966787f661d65f4d997fe8,5
2faabfa663f4dfb9ed83a1482088e092,4b095e823bb1b4857a50d41a511930d4,2
2faabfa663f4dfb9ed83a1482088e092,a21d7d83ae1fb9bc438e87b06072efbb,-12
2faabfa663f4dfb9ed83a1482088e092,38f5dec297d58ecae62c8a9549004520,0
2faabfa663f4dfb9ed83a1482088e092,1e0949f9de690dc085cd487fba834d4e,7
3152e9c330ce200cc189ae64ebdf41fc,5e6c9c4441186264607c60fcc533574c,-5
3152e9c330ce200cc189ae64ebdf41fc,2f47647508381809be04b091b6ca7784,-8
3152e9c330ce200cc189ae64ebdf41fc,978f65d65974dcaaea595daaa1b35a2a,-6
3152e9c330ce200cc189ae64ebdf41fc,249de90677348e56e1f8c68e67edd04f,-5
3152e9c330ce200cc189ae64ebdf41fc,4121c3bfb44f9d3a3151b212f31e7e04,-9
3152e9c330ce200cc189ae64ebdf41fc,a1b3d414dba333bb2413b054b8460c07,3
3152e9c330ce200cc189ae64ebdf41fc,f666125388be8d19b945f07d44610948,10
3152e9c330ce200cc189ae64ebdf41fc,f186747d3ece1e28b37719c9da06d18f,6
3152e9c330ce200cc189ae64ebdf41fc,6601540cadf11d946589194c685da2bf,16
3152e9c330ce200cc189ae64ebdf41fc,0b0922346df190dd8f900c44c1fae592,11
3152e9c330ce200cc189ae64ebdf41fc,317a4d61e1dd679f93b3628f3e35e0d0,5
3152e9c330ce200cc189ae64ebdf41fc,d5f8cba7dd4e0eaf23240e6eb5540d92,0
3152e9c330ce200cc189ae64ebdf41fc,74c4ae2b904d732ede2f08765d27deea,-3
3152e9c330ce200cc189ae64ebdf41fc,601a72cc4a6a409c9463e1a59a01fa29,-1
3152e9c330ce200cc189ae64ebdf41fc,5cfae6b3803440cb1d87ceead6aad4eb,3
3152e9c330ce200cc189ae64ebdf41fc,928d7057f3a2b03d6e1574c5a55d0a54,13
3152e9c330ce200cc189ae64ebdf41fc,7f4090b5116c7fb52170667f3a30d2c6,-7
3152e9c330ce200cc189ae64ebdf41fc,74830bfa36f9e2005b3b6beb635e80f5,-5
3152e9c330ce200cc189ae64ebdf41fc,92dcab554aa5587162253437a4e485c6,-10
3152e9c330ce200cc189ae64ebdf41fc,1661bd9c6b04cf1cc9aa15decef3c294,-5
3152e9c330ce200cc189ae64ebdf41fc,926af53b4f0e8e7afd53aa2a4c46895d,-3
33f631fec90cc1f08bb16cff5ed52f9b,91a259d73f01cc44ea00b70444bdac89,11
33f631fec90cc1f08bb16cff5ed52f9b,7021635e4c42453f92b82fe89cfffa35,16
33f631fec90cc1f08bb16cff5ed52f9b,c493d9929037f011bcb3ff8a2e468c6a,7
33f631fec90cc1f08bb16cff5ed52f9b,b07ed3ce0e4991320064795011f02d4d,15
33f631fec90cc1f08bb16cff5ed52f9b,38165bacb00c27108cc23681972ee9ab,11
33f631fec90cc1f08bb16cff5ed52f9b,0f79f5ac1d01d9639c74a0cce4a8c7b3,6
33f631fec90cc1f08bb16cff5ed52f9b,5e0158b93a72b41987eec3429fb2038f,-11
33f631fec90cc1f08bb16cff5ed52f9b,6f223e85f3b3c72a7ce29a142767e806,8
33f631fec90cc1f08bb16cff5ed52f9b,5f6c28ea1939903f51fbff12de4aa7c2,0
33f631fec90cc1f08bb16cff5ed52f9b,7456d0c6cf404d5d6321c7332391f09a,-22
33f631fec90cc1f08bb16cff5ed52f9b,a21d7d83ae1fb9bc438e87b06072efbb,-6
33f631fec90cc1f08bb16cff5ed52f9b,f2f904a986118f6e2e67da38c64ffe81,-12
33f631fec90cc1f08bb16cff5ed52f9b,c5c6264e03c7fb09cb1cc56249900c17,3
33f631fec90cc1f08bb16cff5ed52f9b,9cdb7fcbb36cb039e63ea8074df32a81,1
33f631fec90cc1f08bb16cff5ed52f9b,293f2b24a7c44b0d65cd9ac09b680ffc,-2
33f631fec90cc1f08bb16cff5ed52f9b,6d8221ca1af17d191a7a0bdc27ce61aa,-1
33f631fec90cc1f08bb16cff5ed52f9b,4b095e823bb1b4857a50d41a511930d4,-7
33f631fec90cc1f08bb16cff5ed52f9b,91d86c8bc25e3813bbae2f4e6c70753a,-17
345f285f7c654bf7a03e940a9bc923c3,4eff0c7b3c32f68bfece327044b47b49,-5
345f285f7c654bf7a03e940a9bc923c3,4a34b108d006b92660ec7593dde29e0d,-4
345f285f7c654bf7a03e940a9bc923c3,30f38d775cff2a96532ccc7c5e48c48b,-8
345f285f7c654bf7a03e940a9bc923c3,73cae0c04831cfb8dd47d5f41faf277f,-4
345f285f7c654bf7a03e940a9bc923c3,52af793d0eeef92b05ce0d6b01cf2542,-10
345f285f7c654bf7a03e940a9bc923c3,23d30ea674e3a1374d4ea788452ad6bb,6
345f285f7c654bf7a03e940a9bc923c3,1f8e6e61eb13aa30f5384a7e6716ec19,11
345f285f7c654bf7a03e940a9bc923c3,056755eee40e0ae3ce0cebd5b9053a3c,8
345f285f7c654bf7a03e940a9bc923c3,c014e84aa77975fc1c2744e6b9f3270e,4
345f285f7c654bf7a03e940a9bc923c3,fd8b5b53146b42edda07a15e27051bca,4
345f285f7c654bf7a03e940a9bc923c3,59f29037d9dc9165fb360b9b3612d919,-5
345f285f7c654bf7a03e940a9bc923c3,fd3a01d2c35cb46d49e9b2fe6fefea69,4
345f285f7c654bf7a03e940a9bc923c3,7ed981d8ac6a49c95a4387973bd1ba42,-2
345f285f7c654bf7a03e940a9bc923c3,ed343691d2b2712df2037aa5c1a0f9ab,-1
345f285f7c654bf7a03e940a9bc923c3,0f02d616e027988803324c84e8951a0e,-2
345f285f7c654bf7a03e940a9bc923c3,36d0e99d34dfb110a853cd2892065234,-3
345f285f7c654bf7a03e940a9bc923c3,ad6a98bfd42a5a831a1a3401eaf96785,-8
345f285f7c654bf7a03e940a9bc923c3,05c7b48e2ce68df138826699856fe6a5,-15
345f285f7c654bf7a03e940a9bc923c3,f6d83f1f77d73b0146900666f34e9f01,9
345f285f7c654bf7a03e940a9bc923c3,8628c4223c91b8f171a7f25e9bbd866b,12
345f285f7c654bf7a03e940a9bc923c3,6a20279d61d8be94ea457bb5f6fe077a,0
345f285f7c654bf7a03e940a9bc923c3,53502b8d547e58de75cb1622f66cae09,-3
345f285f7c654bf7a03e940a9bc923c3,27dad82447628aaa7e5a3ade0259bda7,6
345f285f7c654bf7a03e940a9bc923c3,677378538fa929f6c5568cafa2914c83,6
345f285f7c654bf7a03e940a9bc923c3,862015a22d1dd86103d865691dab92f0,-8
345f285f7c654bf7a03e940a9bc923c3,1a1e3356af50591d6d13df1f919288c5,8
3b753670a0d0df2c35c7ce2e0bc94e6c,ea16528886a6058e0d8133e78bec598e,-7
3b753670a0d0df2c35c7ce2e0bc94e6c,dfc487cf688d18f2a848bbf05e7a9f47,0
3b753670a0d0df2c35c7ce2e0bc94e6c,b288a5a2a8615f37ae77f3ce71f061e8,7
3b753670a0d0df2c35c7ce2e0bc94e6c,cc2c9a0eec200fae9bebb80d56d93b8c,7
3b753670a0d0df2c35c7ce2e0bc94e6c,0a7ae25da315e35e903233b4bb2252da,9
3b753670a0d0df2c35c7ce2e0bc94e6c,a07fb375dddea9eb7ca13848b9941daf,8
3b753670a0d0df2c35c7ce2e0bc94e6c,c3e7c28936c338dfd5131e63d2ad626a,1
3b753670a0d0df2c35c7ce2e0bc94e6c,6ca1613533eb84c8e5a99f443e9b5cde,-5
3b753670a0d0df2c35c7ce2e0bc94e6c,2589603a6d7a0aaeb9112f8ee416cebe,-8
3b753670a0d0df2c35c7ce2e0bc94e6c,34c6c550fe96c36bdf86c24a0488fffc,12
3b753670a0d0df2c35c7ce2e0bc94e6c,048d36fcccd8d3c22d26e353ed176604,1
3b753670a0d0df2c35c7ce2e0bc94e6c,335ab92f9ddc2954a236a5aaac332ba7,4
3b753670a0d0df2c35c7ce2e0bc94e6c,28cb486490a46a6228131b482be79bba,2
3b753670a0d0df2c35c7ce2e0bc94e6c,852c9de6c917694981f071bc5eb58326,-17
3b753670a0d0df2c35c7ce2e0bc94e6c,c5f7286d166ca7f627e83c354c8e4f2a,-18
3b753670a0d0df2c35c7ce2e0bc94e6c,515b44596849db9f6f2b360c576398fc,-12
3b753670a0d0df2c35c7ce2e0bc94e6c,395b23ca47bf87d3370feaecbbc11676,14
3b753670a0d0df2c35c7ce2e0bc94e6c,9cdb7fcbb36cb039e63ea8074df32a81,-16
3b753670a0d0df2c35c7ce2e0bc94e6c,66c0552461f4db5611a978058e90b8b4,-3
3b753670a0d0df2c35c7ce2e0bc94e6c,963242c7a25ba9a70b245f482e960e75,16
3b753670a0d0df2c35c7ce2e0bc94e6c,3d9bcb1390d5efea6bbce4aac0952178,5
56ccfaf0adead6f4c7236a01ca0cfbdc,2b8bdfc64f41d1adefabcf7e0667a618,18
56ccfaf0adead6f4c7236a01ca0cfbdc,17651fd844ca9177694e0fe8e13ade03,19
56ccfaf0adead6f4c7236a01ca0cfbdc,387d067091bd3a9264576ddb74759f5f,21
56ccfaf0adead6f4c7236a01ca0cfbdc,5fe2b12999c5b4a17dba17cb76b0cfbc,12
56ccfaf0adead6f4c7236a01ca0cfbdc,f5f1164263044fc2ee91242daa221045,13
56ccfaf0adead6f4c7236a01ca0cfbdc,3d6fa00462bffd51ce5cf6612ec9026a,-15
56ccfaf0adead6f4c7236a01ca0cfbdc,e546fc654970cfc01f73c0d73250e97b,-14
56ccfaf0adead6f4c7236a01ca0cfbdc,1e5a19729df6e4496686d9356be411ca,-14
56ccfaf0adead6f4c7236a01ca0cfbdc,a82c2c880ccf01c25e5ffa252551a612,-12
56ccfaf0adead6f4c7236a01ca0cfbdc,171fe637accecc29979e5408595de077,-18
56ccfaf0adead6f4c7236a01ca0cfbdc,43a74f78a8e39c7fb0ad193fb24f52ba,9
56ccfaf0adead6f4c7236a01ca0cfbdc,e688b1a601a44fb2ac79c58bf6c89e8b,20
56ccfaf0adead6f4c7236a01ca0cfbdc,085beb037fb1e12196085f66c9761cd4,-11
56ccfaf0adead6f4c7236a01ca0cfbdc,5b82a306c99fa6afb74114ad40c19c94,4
56ccfaf0adead6f4c7236a01ca0cfbdc,6becc2cf336cee342d817b90d632ae14,5
56ccfaf0adead6f4c7236a01ca0cfbdc,6928f97f25cd10ae4343eb4aedcd1c93,3
56ccfaf0adead6f4c7236a01ca0cfbdc,257b19b06545dcb0a4eb3a01d7952eed,6
56ccfaf0adead6f4c7236a01ca0cfbdc,4d371dbb9d07b0a451e6a253244d3079,-15
56ccfaf0adead6f4c7236a01ca0cfbdc,cc770adb9f49dec34c5f80808fdfd418,-7
56ccfaf0adead6f4c7236a01ca0cfbdc,52f149c66e930e899eb96964f0e9d78b,-8
56ccfaf0adead6f4c7236a01ca0cfbdc,100cf64c65b01e459c9fdda0f8b75061,9
56ccfaf0adead6f4c7236a01ca0cfbdc,64b5b3b574055d3d0e71c4c9b5f48498,8
56ccfaf0adead6f4c7236a01ca0cfbdc,efccee5aa58785e3778eb8d773dfa791,-10
56ccfaf0adead6f4c7236a01ca0cfbdc,58a634d96007527e1989120fe42d1072,-12
56ccfaf0adead6f4c7236a01ca0cfbdc,ab1aaee5e4a6d0121e58866080be4ca8,-11
598a55c8bf052d039d0fb4ff1a62f98a,501e22e48df13d5a5b2b85a08c6d2ca9,26
598a55c8bf052d039d0fb4ff1a62f98a,b02d6090eb1155aab0614815c9f9ad73,24
598a55c8bf052d039d0fb4ff1a62f98a,6284f9ad059fd7910f24ab69df891760,41
598a55c8bf052d039d0fb4ff1a62f98a,3f67235a5607746cc215eee5dd447a5e,11
598a55c8bf052d039d0fb4ff1a62f98a,d74c692dc5f817e5d6598338b24e1035,39
598a55c8bf052d039d0fb4ff1a62f98a,83276e13d34f364faa3a24cecec245e1,-19
598a55c8bf052d039d0fb4ff1a62f98a,7e0fe3d0e532a5786e2eec9b5d1bedc6,-28
598a55c8bf052d039d0fb4ff1a62f98a,461d33b042b3c349d69980f89e06f582,-29
598a55c8bf052d039d0fb4ff1a62f98a,0c2d9d598f919d635d1f230ea475ef04,-6
598a55c8bf052d039d0fb4ff1a62f98a,3637dae74ec0bcaa39275df5ef7bea71,-38
598a55c8bf052d039d0fb4ff1a62f98a,0b0dfe077fd547134c4b631cc7008465,-18
598a55c8bf052d039d0fb4ff1a62f98a,7c1c2ad6f3088c952dffd0335bb3af9b,-31
598a55c8bf052d039d0fb4ff1a62f98a,fa59d02355adde510fbf3dd7a0b0930d,18
598a55c8bf052d039d0fb4ff1a62f98a,d29058993b5746d37d0fd5348c5018e2,-20
598a55c8bf052d039d0fb4ff1a62f98a,e6d3fc584789b9b914791ec969a8d5a4,-16
598a55c8bf052d039d0fb4ff1a62f98a,c5a353e301078ea1cb4e8bc8fede12e9,-31
598a55c8bf052d039d0fb4ff1a62f98a,cc6c4b67ac08f33590e75e9474122fc4,21
598a55c8bf052d039d0fb4ff1a62f98a,79af15b6a2238e81cd52b99490ed2709,30
598a55c8bf052d039d0fb4ff1a62f98a,66c69301f757e48e6b780927b5a55e11,7
598a55c8bf052d039d0fb4ff1a62f98a,3cc886aecaeb231f093c5bdded29d2dd,15
598a55c8bf052d039d0fb4ff1a62f98a,93130c3cfa0d9d9a7635a085c3be99a1,17
598a55c8bf052d039d0fb4ff1a62f98a,fcca0a6b42249d73d83db4651c1c1c91,-19
598a55c8bf052d039d0fb4ff1a62f98a,061db8cbef53aa3743c9f53cb392c1bc,5
598a55c8bf052d039d0fb4ff1a62f98a,4c7117e85936b9b1c9c436394c9cdd0e,-15
598a55c8bf052d039d0fb4ff1a62f98a,6b6a2da75825a3f756d32b57a6267460,16
7fad2269ee0d11ae5069ff23ecb25913,a1b3d414dba333bb2413b054b8460c07,24
7fad2269ee0d11ae5069ff23ecb25913,f666125388be8d19b945f07d44610948,22
7fad2269ee0d11ae5069ff23ecb25913,f186747d3ece1e28b37719c9da06d18f,24
7fad2269ee0d11ae5069ff23ecb25913,6601540cadf11d946589194c685da2bf,22
7fad2269ee0d11ae5069ff23ecb25913,0b0922346df190dd8f900c44c1fae592,24
7fad2269ee0d11ae5069ff23ecb25913,3d6fa00462bffd51ce5cf6612ec9026a,-25
7fad2269ee0d11ae5069ff23ecb25913,0b9f9787580f7ca0dbba7a0eb39b1c4d,-18
7fad2269ee0d11ae5069ff23ecb25913,5b82a306c99fa6afb74114ad40c19c94,-26
7fad2269ee0d11ae5069ff23ecb25913,fa5ca757de7c6c5ec97900bcabbc146e,-16
7fad2269ee0d11ae5069ff23ecb25913,64b5b3b574055d3d0e71c4c9b5f48498,-11
7fad2269ee0d11ae5069ff23ecb25913,100cf64c65b01e459c9fdda0f8b75061,-11
7fad2269ee0d11ae5069ff23ecb25913,02c4c706481eedebb00f53520176f60e,-8
7fad2269ee0d11ae5069ff23ecb25913,601a72cc4a6a409c9463e1a59a01fa29,11
7fad2269ee0d11ae5069ff23ecb25913,d5f8cba7dd4e0eaf23240e6eb5540d92,4
7fad2269ee0d11ae5069ff23ecb25913,7f4090b5116c7fb52170667f3a30d2c6,-1
7fad2269ee0d11ae5069ff23ecb25913,1661bd9c6b04cf1cc9aa15decef3c294,-4
7fad2269ee0d11ae5069ff23ecb25913,8ac430587c75579c9d99eba78169afdc,-6
7fad2269ee0d11ae5069ff23ecb25913,6bd1756435a0433f9e007e173c78a407,-5
87d1574f478f37d13789284b96b4f6cb,5e6c9c4441186264607c60fcc533574c,28
87d1574f478f37d13789284b96b4f6cb,317a4d61e1dd679f93b3628f3e35e0d0,31
87d1574f478f37d13789284b96b4f6cb,2f47647508381809be04b091b6ca7784,35
87d1574f478f37d13789284b96b4f6cb,9b85cb9662c0d65b722d77aea12f3f13,16
87d1574f478f37d13789284b96b4f6cb,978f65d65974dcaaea595daaa1b35a2a,24
87d1574f478f37d13789284b96b4f6cb,881f83d2dee3f18c7d1751659406144e,-11
87d1574f478f37d13789284b96b4f6cb,f1b33b117f9ae58f140d9581c329452a,-19
87d1574f478f37d13789284b96b4f6cb,6bf40f9c2b640febc71d1393fb24d894,-30
87d1574f478f37d13789284b96b4f6cb,cec898a1d355dbfbad8c760615fde1af,-31
87d1574f478f37d13789284b96b4f6cb,314c71574689f752c17b83cd6a4d770e,-30
87d1574f478f37d13789284b96b4f6cb,a99f44bbff39e352191a870e17f04537,-9
87d1574f478f37d13789284b96b4f6cb,8669ba66385e8896db72f69bf95d7ca9,5
87d1574f478f37d13789284b96b4f6cb,b2fada91a0c8a0f400623c425286ae2e,-11
87d1574f478f37d13789284b96b4f6cb,5cfae6b3803440cb1d87ceead6aad4eb,0
87d1574f478f37d13789284b96b4f6cb,90329ef6783257720e881642b13afcf1,15
87d1574f478f37d13789284b96b4f6cb,5234e98b6206eb09c43f8cf19ae9d6ef,8
87d1574f478f37d13789284b96b4f6cb,2d9594e4d250679e7a3383ad5ccd2f44,15
87d1574f478f37d13789284b96b4f6cb,928d7057f3a2b03d6e1574c5a55d0a54,-9
87d1574f478f37d13789284b96b4f6cb,4121c3bfb44f9d3a3151b212f31e7e04,7
87d1574f478f37d13789284b96b4f6cb,2b313e2bcef0268bc8e9415132ba9997,-5
87d1574f478f37d13789284b96b4f6cb,1362d9ad805e7cc4ea3a9467c91142d6,8
87d1574f478f37d13789284b96b4f6cb,249de90677348e56e1f8c68e67edd04f,-14
87d1574f478f37d13789284b96b4f6cb,74830bfa36f9e2005b3b6beb635e80f5,-14
87d1574f478f37d13789284b96b4f6cb,2a3cecf791ee8e19a105d8ff8a3296ef,-9
88012a99d7fd1c169e2360aa5cdf8bfa,89c04f26448f309cd55b487b0722bdad,-2
88012a99d7fd1c169e2360aa5cdf8bfa,efa17727bd73df9be0622d56ec5e7f15,-23
88012a99d7fd1c169e2360aa5cdf8bfa,9d54ec2880190738ff0b490850aa21ef,-14
88012a99d7fd1c169e2360aa5cdf8bfa,6747ed60ebf43c90d3329c9d744662cb,-10
88012a99d7fd1c169e2360aa5cdf8bfa,ff9ea417d5345bb5e4e6ec152ae2358f,-30
88012a99d7fd1c169e2360aa5cdf8bfa,0f79f5ac1d01d9639c74a0cce4a8c7b3,21
88012a99d7fd1c169e2360aa5cdf8bfa,5e0158b93a72b41987eec3429fb2038f,7
88012a99d7fd1c169e2360aa5cdf8bfa,bd24c26a700dff3c6b0812c487f621af,16
88012a99d7fd1c169e2360aa5cdf8bfa,1f84a5c60249c938433f6398e80521ae,10
88012a99d7fd1c169e2360aa5cdf8bfa,5f6c28ea1939903f51fbff12de4aa7c2,12
88012a99d7fd1c169e2360aa5cdf8bfa,b720c3a8a48569f1b468a00ac07c5f7f,23
88012a99d7fd1c169e2360aa5cdf8bfa,8a52b66854fe9b529941aae5668ff4aa,10
88012a99d7fd1c169e2360aa5cdf8bfa,c5c6264e03c7fb09cb1cc56249900c17,-1
88012a99d7fd1c169e2360aa5cdf8bfa,7456d0c6cf404d5d6321c7332391f09a,2
88012a99d7fd1c169e2360aa5cdf8bfa,35ca3467b0fbb6a737c25f3f4ca5b2a8,1
88012a99d7fd1c169e2360aa5cdf8bfa,173f319db1edc802bf85ecff4a759d8c,-8
88012a99d7fd1c169e2360aa5cdf8bfa,f2f904a986118f6e2e67da38c64ffe81,-1
88012a99d7fd1c169e2360aa5cdf8bfa,8744a467351282b52f1708ab0fac2e34,-3
88012a99d7fd1c169e2360aa5cdf8bfa,e9ae81cd14e76a11c325b7fb42611e06,-6
88012a99d7fd1c169e2360aa5cdf8bfa,6f223e85f3b3c72a7ce29a142767e806,-4
896bcac9b0f35b250c9fb7a6325d8599,b90945b4a95bfc10ffc239ec4eac211d,-28
896bcac9b0f35b250c9fb7a6325d8599,c6199433c79a95a34133f86971a148b1,-23
896bcac9b0f35b250c9fb7a6325d8599,c6a9f7baaf3b88105816cf658c0cf7e8,-20
896bcac9b0f35b250c9fb7a6325d8599,57ed4bb35e7cef3fc5f579bd119ceeca,-20
896bcac9b0f35b250c9fb7a6325d8599,70f7e0aad42e27aacb7490d349a4b233,-34
896bcac9b0f35b250c9fb7a6325d8599,a1b3d414dba333bb2413b054b8460c07,26
896bcac9b0f35b250c9fb7a6325d8599,f666125388be8d19b945f07d44610948,21
896bcac9b0f35b250c9fb7a6325d8599,f186747d3ece1e28b37719c9da06d18f,25
896bcac9b0f35b250c9fb7a6325d8599,6601540cadf11d946589194c685da2bf,14
896bcac9b0f35b250c9fb7a6325d8599,0b0922346df190dd8f900c44c1fae592,27
896bcac9b0f35b250c9fb7a6325d8599,4341f809d409ac17565852620cf80cbd,-15
896bcac9b0f35b250c9fb7a6325d8599,601a72cc4a6a409c9463e1a59a01fa29,22
896bcac9b0f35b250c9fb7a6325d8599,2bff96fb00704f4d84b67d3ec95db8fd,-21
896bcac9b0f35b250c9fb7a6325d8599,74c4ae2b904d732ede2f08765d27deea,15
896bcac9b0f35b250c9fb7a6325d8599,2f1121d01dbff3e3dd6f17841dd34120,-1
896bcac9b0f35b250c9fb7a6325d8599,d5f8cba7dd4e0eaf23240e6eb5540d92,11
896bcac9b0f35b250c9fb7a6325d8599,7f4090b5116c7fb52170667f3a30d2c6,10
896bcac9b0f35b250c9fb7a6325d8599,011ffbd69cd25a2324c720b64f31712a,-12
896bcac9b0f35b250c9fb7a6325d8599,1661bd9c6b04cf1cc9aa15decef3c294,12
896bcac9b0f35b250c9fb7a6325d8599,cbc1063c3b1731493f5de7dcd822a193,-13
896bcac9b0f35b250c9fb7a6325d8599,e96dc78c444bead3a3e7d169f2fa6e07,1
896bcac9b0f35b250c9fb7a6325d8599,8ac430587c75579c9d99eba78169afdc,-3
896bcac9b0f35b250c9fb7a6325d8599,c149a245aa42a54348d9f4534c182e22,6
8fd2943309c7accc78b41e047e1e9393,2483495fb67054a3b6faa2c2bf8249e3,8
8fd2943309c7accc78b41e047e1e9393,ea16528886a6058e0d8133e78bec598e,5
8fd2943309c7accc78b41e047e1e9393,0d4f00ab57bedad897a0aecf8dfa692f,4
8fd2943309c7accc78b41e047e1e9393,cbd8848dea8700073ef1dbb218821339,2
8fd2943309c7accc78b41e047e1e9393,25f9b9aedb2a8c72079ebd39a3ff4c8c,5
8fd2943309c7accc78b41e047e1e9393,27ea17a8685c4919f157e83fe9cb2d9e,-2
8fd2943309c7accc78b41e047e1e9393,57bbd7e30bc694aeee9ee40c583e6811,-4
8fd2943309c7accc78b41e047e1e9393,33963fe856a1523ff46438ba07d1d99f,0
8fd2943309c7accc78b41e047e1e9393,c00264c3114d23bac482e9de50fb7d28,4
8fd2943309c7accc78b41e047e1e9393,307beab25b1021a548b4a47550bc4b25,3
8fd2943309c7accc78b41e047e1e9393,603daefb2fa321f3abab289805fdcc25,12
8fd2943309c7accc78b41e047e1e9393,54585b803d43739f9a55ac96da873fbf,-20
8fd2943309c7accc78b41e047e1e9393,30ffeac1e06740482da5c4f0dd3454ad,-10
8fd2943309c7accc78b41e047e1e9393,825e2645d764579a9917c71844043eba,-11
8fd2943309c7accc78b41e047e1e9393,f974c6b5a65a034a866cd58014d6fbe3,-12
8fd2943309c7accc78b41e047e1e9393,60b5f9f68ccbbf7ba3fa13a2189e2775,9
8fd2943309c7accc78b41e047e1e9393,c1fe6ed491d04e3cdf50755dff23b263,12
8fd2943309c7accc78b41e047e1e9393,435985eef272a7b0ce81ae80508e90bf,-11
8fd2943309c7accc78b41e047e1e9393,8bb18fb1d0cc10c985afa823ecec6d18,5
8fd2943309c7accc78b41e047e1e9393,dd5c21b550fa5e029f561a830763acbc,1
9db75b921076b5848cba7ca36436147c,83276e13d34f364faa3a24cecec245e1,19
9db75b921076b5848cba7ca36436147c,461d33b042b3c349d69980f89e06f582,16
9db75b921076b5848cba7ca36436147c,0c2d9d598f919d635d1f230ea475ef04,42
9db75b921076b5848cba7ca36436147c,9205d55e83f96be2290f1e8849e9f062,41
9db75b921076b5848cba7ca36436147c,0468a7cae6489acd7294600e8bad8b32,29
9db75b921076b5848cba7ca36436147c,71cd93e320cd2da78733d23dae3274a0,-7
9db75b921076b5848cba7ca36436147c,e2d5a38e5f826708c89f2f728eade916,-18
9db75b921076b5848cba7ca36436147c,8bea2707e7bf04c8a3d8188b87d92c0e,-20
9db75b921076b5848cba7ca36436147c,952cb62f00fbb58407f3a7cd89c3a7bf,-12
9db75b921076b5848cba7ca36436147c,1376b4800e5b2d50ce35a57827eadcfc,-17
9db75b921076b5848cba7ca36436147c,1e76e7a4a5b6d17e67172710d86b6b51,-33
9db75b921076b5848cba7ca36436147c,b248b1d9caa41a3562d67584c1a0b399,-22
9db75b921076b5848cba7ca36436147c,6b08fc64c8d282c36e800d28eb278027,-30
9db75b921076b5848cba7ca36436147c,3637dae74ec0bcaa39275df5ef7bea71,22
9db75b921076b5848cba7ca36436147c,c5a353e301078ea1cb4e8bc8fede12e9,21
9db75b921076b5848cba7ca36436147c,d1af6080bd4b6a794ba3595dab2b1fb8,-10
9db75b921076b5848cba7ca36436147c,e6d3fc584789b9b914791ec969a8d5a4,11
9db75b921076b5848cba7ca36436147c,84a4a3c70c57b7d570baca43b5423ba3,-1
9db75b921076b5848cba7ca36436147c,7c1c2ad6f3088c952dffd0335bb3af9b,-3
9db75b921076b5848cba7ca36436147c,fcca0a6b42249d73d83db4651c1c1c91,-8
9db75b921076b5848cba7ca36436147c,00d19f69501c09d98507b48ceff105e6,-13
9db75b921076b5848cba7ca36436147c,6350927cc9834a3a61e079a87de2470c,-7
9dce47bc3cbabd451a9bab758ca5467f,6b08fc64c8d282c36e800d28eb278027,9
9dce47bc3cbabd451a9bab758ca5467f,71cd93e320cd2da78733d23dae3274a0,6
9dce47bc3cbabd451a9bab758ca5467f,e2d5a38e5f826708c89f2f728eade916,11
9dce47bc3cbabd451a9bab758ca5467f,8bea2707e7bf04c8a3d8188b87d92c0e,13
9dce47bc3cbabd451a9bab758ca5467f,1376b4800e5b2d50ce35a57827eadcfc,-1
9dce47bc3cbabd451a9bab758ca5467f,d6bc5eb6ed54c734628cb4d237f99031,-14
9dce47bc3cbabd451a9bab758ca5467f,cbc1063c3b1731493f5de7dcd822a193,-5
9dce47bc3cbabd451a9bab758ca5467f,4dda057700cc34ac57fede94ff8c0652,-6
9dce47bc3cbabd451a9bab758ca5467f,4341f809d409ac17565852620cf80cbd,-1
9dce47bc3cbabd451a9bab758ca5467f,e96dc78c444bead3a3e7d169f2fa6e07,15
9dce47bc3cbabd451a9bab758ca5467f,e2e8d3e46399c9cfcdd591a26e81cf5f,18
9dce47bc3cbabd451a9bab758ca5467f,35ca3467b0fbb6a737c25f3f4ca5b2a8,10
9dce47bc3cbabd451a9bab758ca5467f,0328d04afb4a867fdabad5bdf2ae8ec2,-14
9dce47bc3cbabd451a9bab758ca5467f,2f1121d01dbff3e3dd6f17841dd34120,13
9dce47bc3cbabd451a9bab758ca5467f,ea42a84dd3eb3284472048639ee676fd,22
9dce47bc3cbabd451a9bab758ca5467f,b248b1d9caa41a3562d67584c1a0b399,-12
9dce47bc3cbabd451a9bab758ca5467f,84a4a3c70c57b7d570baca43b5423ba3,-16
9dce47bc3cbabd451a9bab758ca5467f,d1af6080bd4b6a794ba3595dab2b1fb8,-13
9dce47bc3cbabd451a9bab758ca5467f,d2a15fd08b7e2fce833c736710c3fd5e,-5
9dce47bc3cbabd451a9bab758ca5467f,00d19f69501c09d98507b48ceff105e6,-22
9dce47bc3cbabd451a9bab758ca5467f,c149a245aa42a54348d9f4534c182e22,13
9dce47bc3cbabd451a9bab758ca5467f,81e57235a0f7d2ad49e275ae41070094,-11
9dce47bc3cbabd451a9bab758ca5467f,6350927cc9834a3a61e079a87de2470c,-10
a109cef8327feae75c3e4885cb4c6e2d,2f04dbbabeefc1447ca06ae228d8b42c,14
a109cef8327feae75c3e4885cb4c6e2d,93cccaa284535f9bef1dbce1d6adfb34,13
a109cef8327feae75c3e4885cb4c6e2d,b0b5fb4a9b857c0cf63b80c1893bfef4,6
a109cef8327feae75c3e4885cb4c6e2d,522a32a0442e32bce9aba28ac7ba327b,7
a109cef8327feae75c3e4885cb4c6e2d,039bd19014e6cfcf867f442aa412ad6a,15
a109cef8327feae75c3e4885cb4c6e2d,f6d83f1f77d73b0146900666f34e9f01,-6
a109cef8327feae75c3e4885cb4c6e2d,056755eee40e0ae3ce0cebd5b9053a3c,-14
a109cef8327feae75c3e4885cb4c6e2d,fd3a01d2c35cb46d49e9b2fe6fefea69,-6
a109cef8327feae75c3e4885cb4c6e2d,c014e84aa77975fc1c2744e6b9f3270e,-10
a109cef8327feae75c3e4885cb4c6e2d,7ed981d8ac6a49c95a4387973bd1ba42,-1
a109cef8327feae75c3e4885cb4c6e2d,aa062d0d43fb0f311e962c085e1fb744,-6
a109cef8327feae75c3e4885cb4c6e2d,fd8b5b53146b42edda07a15e27051bca,-5
a109cef8327feae75c3e4885cb4c6e2d,27dad82447628aaa7e5a3ade0259bda7,4
a109cef8327feae75c3e4885cb4c6e2d,d3e3ae70ac393f24335f922cdeec1b1a,-6
a109cef8327feae75c3e4885cb4c6e2d,5806209d46068008b4ccafa90dca6469,8
a109cef8327feae75c3e4885cb4c6e2d,466ef3d80ec02640eeecea72e08ad8c6,-8
a109cef8327feae75c3e4885cb4c6e2d,16f7d070421f93ae177d8adf1bc0edf2,-10
a109cef8327feae75c3e4885cb4c6e2d,ed343691d2b2712df2037aa5c1a0f9ab,4
a109cef8327feae75c3e4885cb4c6e2d,23d30ea674e3a1374d4ea788452ad6bb,1
a32200385b4594cb11f8a19e92c96835,008c7fb331f92d216799d21a9104231a,-9
a32200385b4594cb11f8a19e92c96835,315f46f7a5e1de7ef9b4c2430ce64e2d,-4
a32200385b4594cb11f8a19e92c96835,068cc724c0bdf4a9fc56d2eb2d88fb0f,6
a32200385b4594cb11f8a19e92c96835,0a4bdcb73ac21ffeb164386d44212f45,-7
a32200385b4594cb11f8a19e92c96835,479986fc12b02040302f3d2b2a903e53,-1
a32200385b4594cb11f8a19e92c96835,0f79f5ac1d01d9639c74a0cce4a8c7b3,6
a32200385b4594cb11f8a19e92c96835,b720c3a8a48569f1b468a00ac07c5f7f,7
a32200385b4594cb11f8a19e92c96835,bd24c26a700dff3c6b0812c487f621af,15
a32200385b4594cb11f8a19e92c96835,5f6c28ea1939903f51fbff12de4aa7c2,-4
a32200385b4594cb11f8a19e92c96835,7456d0c6cf404d5d6321c7332391f09a,8
a32200385b4594cb11f8a19e92c96835,3db8556c1f1efeb42aa762e45e2b25d4,-8
a32200385b4594cb11f8a19e92c96835,8a52b66854fe9b529941aae5668ff4aa,3
a32200385b4594cb11f8a19e92c96835,ad0cbdf3bde800a9ff964cd041d26e28,-6
a32200385b4594cb11f8a19e92c96835,f2f904a986118f6e2e67da38c64ffe81,5
a32200385b4594cb11f8a19e92c96835,6f223e85f3b3c72a7ce29a142767e806,1
a32200385b4594cb11f8a19e92c96835,e9ae81cd14e76a11c325b7fb42611e06,-4
a32200385b4594cb11f8a19e92c96835,9b250b78040c544e42e67c18034f9676,-7
a32200385b4594cb11f8a19e92c96835,7d2101502c53723c2aaf2a8e5f150d97,1
a32200385b4594cb11f8a19e92c96835,2dccc7085f3e5aa5a404fa6ef1bdd672,2
a32200385b4594cb11f8a19e92c96835,d410d3fcb5d2bcc23387a9d34650c16b,3
a32200385b4594cb11f8a19e92c96835,91d86c8bc25e3813bbae2f4e6c70753a,-7
a442eeb8e92d2941addba3996bd7d0a0,b90945b4a95bfc10ffc239ec4eac211d,5
a442eeb8e92d2941addba3996bd7d0a0,9d54ec2880190738ff0b490850aa21ef,-7
a442eeb8e92d2941addba3996bd7d0a0,c6a9f7baaf3b88105816cf658c0cf7e8,-8
a442eeb8e92d2941addba3996bd7d0a0,57ed4bb35e7cef3fc5f579bd119ceeca,-15
a442eeb8e92d2941addba3996bd7d0a0,4341f809d409ac17565852620cf80cbd,-13
a442eeb8e92d2941addba3996bd7d0a0,008c7fb331f92d216799d21a9104231a,6
a442eeb8e92d2941addba3996bd7d0a0,07695ef9feebc6ba02831f0f3c22662a,6
a442eeb8e92d2941addba3996bd7d0a0,c17f6e6b83ccc768962046f1af1372a5,-6
a442eeb8e92d2941addba3996bd7d0a0,c6e0c30c8c02b0706682ec89eb6fc565,4
a442eeb8e92d2941addba3996bd7d0a0,0a4bdcb73ac21ffeb164386d44212f45,7
a442eeb8e92d2941addba3996bd7d0a0,c6199433c79a95a34133f86971a148b1,6
a442eeb8e92d2941addba3996bd7d0a0,e2e8d3e46399c9cfcdd591a26e81cf5f,18
a442eeb8e92d2941addba3996bd7d0a0,70f7e0aad42e27aacb7490d349a4b233,21
a442eeb8e92d2941addba3996bd7d0a0,479986fc12b02040302f3d2b2a903e53,-9
a442eeb8e92d2941addba3996bd7d0a0,0a7bab1764e8696f355e018c6fd0e8b7,-16
a442eeb8e92d2941addba3996bd7d0a0,cbc1063c3b1731493f5de7dcd822a193,20
a442eeb8e92d2941addba3996bd7d0a0,ad0cbdf3bde800a9ff964cd041d26e28,-1
a442eeb8e92d2941addba3996bd7d0a0,011ffbd69cd25a2324c720b64f31712a,4
a442eeb8e92d2941addba3996bd7d0a0,3db8556c1f1efeb42aa762e45e2b25d4,-13
a442eeb8e92d2941addba3996bd7d0a0,7d2101502c53723c2aaf2a8e5f150d97,-13
a442eeb8e92d2941addba3996bd7d0a0,ebec10a71fa69e4668ab1102ff7da2d2,6
a442eeb8e92d2941addba3996bd7d0a0,2f1121d01dbff3e3dd6f17841dd34120,-2
a55fe197c4ae19094a2303a950c7e70c,e1f8bfdb6088ec65d99d98570149b1f0,12
a55fe197c4ae19094a2303a950c7e70c,e43aba9ca924c29b2a41feb7d3c8bc5b,1
a55fe197c4ae19094a2303a950c7e70c,7367a4fcf2f4af747576b5dcb9ffdd77,31
a55fe197c4ae19094a2303a950c7e70c,472dc36ed0d28b2fd318d15bbd292320,32
a55fe197c4ae19094a2303a950c7e70c,a30c2c75d6a204ed450a2c423c11d362,32
a55fe197c4ae19094a2303a950c7e70c,27ea17a8685c4919f157e83fe9cb2d9e,-30
a55fe197c4ae19094a2303a950c7e70c,57bbd7e30bc694aeee9ee40c583e6811,-14
a55fe197c4ae19094a2303a950c7e70c,33963fe856a1523ff46438ba07d1d99f,-20
a55fe197c4ae19094a2303a950c7e70c,c00264c3114d23bac482e9de50fb7d28,-29
a55fe197c4ae19094a2303a950c7e70c,307beab25b1021a548b4a47550bc4b25,-22
a55fe197c4ae19094a2303a950c7e70c,1010437803b67e17a67a8966294555a7,-1
a55fe197c4ae19094a2303a950c7e70c,5ff25817b04f08b02c9781970f1234c6,1
a55fe197c4ae19094a2303a950c7e70c,c1fe6ed491d04e3cdf50755dff23b263,7
a55fe197c4ae19094a2303a950c7e70c,907b36dd80d1411453e94bc61e2ca9a3,14
a55fe197c4ae19094a2303a950c7e70c,0b9f9787580f7ca0dbba7a0eb39b1c4d,-14
a55fe197c4ae19094a2303a950c7e70c,60b5f9f68ccbbf7ba3fa13a2189e2775,11
a55fe197c4ae19094a2303a950c7e70c,f5250354772b45edb362cd3d5286b6e0,2
a55fe197c4ae19094a2303a950c7e70c,fa5ca757de7c6c5ec97900bcabbc146e,-10
a55fe197c4ae19094a2303a950c7e70c,8bb18fb1d0cc10c985afa823ecec6d18,-1
a55fe197c4ae19094a2303a950c7e70c,603daefb2fa321f3abab289805fdcc25,5
a55fe197c4ae19094a2303a950c7e70c,52c2b7c1bc3d4104de29f896fc644871,-6
a55fe197c4ae19094a2303a950c7e70c,dd5c21b550fa5e029f561a830763acbc,3
a55fe197c4ae19094a2303a950c7e70c,44f7d39533b8d47af9cb1dcd7b5afb25,-4
b2abcb6a29ed3d99db98084c96638bff,1f8e6e61eb13aa30f5384a7e6716ec19,10
b2abcb6a29ed3d99db98084c96638bff,056755eee40e0ae3ce0cebd5b9053a3c,21
b2abcb6a29ed3d99db98084c96638bff,c014e84aa77975fc1c2744e6b9f3270e,15
b2abcb6a29ed3d99db98084c96638bff,7ed981d8ac6a49c95a4387973bd1ba42,20
b2abcb6a29ed3d99db98084c96638bff,27dad82447628aaa7e5a3ade0259bda7,9
b2abcb6a29ed3d99db98084c96638bff,33f469a601417bebf0be722241d131e6,-4
b2abcb6a29ed3d99db98084c96638bff,f74cedcf99a3aabc222398db7499bac1,-3
b2abcb6a29ed3d99db98084c96638bff,6de0ac647d194bdcfc0854c7ad51c44e,6
b2abcb6a29ed3d99db98084c96638bff,78b2c63af827b482d7e3ffa096f4fbd2,-4
b2abcb6a29ed3d99db98084c96638bff,d7f2b465bbe159ecb83cb95d120df260,-9
b2abcb6a29ed3d99db98084c96638bff,e5e2fb66fc3e8ee0edf076e60d343031,-19
b2abcb6a29ed3d99db98084c96638bff,17c5b4a9be5e0fa567d3d38ca65e4005,-13
b2abcb6a29ed3d99db98084c96638bff,b67e5a2e593be71fe871d7d511f0ab55,-15
b2abcb6a29ed3d99db98084c96638bff,321fe275d1d66f05c5014fd97e870834,-11
b2abcb6a29ed3d99db98084c96638bff,23d30ea674e3a1374d4ea788452ad6bb,5
b2abcb6a29ed3d99db98084c96638bff,ed343691d2b2712df2037aa5c1a0f9ab,-7
b2abcb6a29ed3d99db98084c96638bff,110efe8a264188c41b74dca2c1211247,-11
b2abcb6a29ed3d99db98084c96638bff,8628c4223c91b8f171a7f25e9bbd866b,2
b2abcb6a29ed3d99db98084c96638bff,677378538fa929f6c5568cafa2914c83,2
b2abcb6a29ed3d99db98084c96638bff,b88215f941a479097d996e4e6136d3d5,0
b2abcb6a29ed3d99db98084c96638bff,fd8b5b53146b42edda07a15e27051bca,5
b2abcb6a29ed3d99db98084c96638bff,fd3a01d2c35cb46d49e9b2fe6fefea69,5
b2abcb6a29ed3d99db98084c96638bff,b1ae0bb44250b8cd2e080de545a6cd1b,-2
b2abcb6a29ed3d99db98084c96638bff,5806209d46068008b4ccafa90dca6469,-2
b2abcb6a29ed3d99db98084c96638bff,c73b83c931b184e173ceb68b5ec6b66d,0
b2c59cbe723394436526560db23e6a93,17c5b4a9be5e0fa567d3d38ca65e4005,-8
b2c59cbe723394436526560db23e6a93,e5e2fb66fc3e8ee0edf076e60d343031,8
b2c59cbe723394436526560db23e6a93,d4777cb3468137b35f7e80b7434bec27,-6
b2c59cbe723394436526560db23e6a93,0beb157ecf02b2c67048597bb3c514b5,-12
b2c59cbe723394436526560db23e6a93,b67e5a2e593be71fe871d7d511f0ab55,1
b2c59cbe723394436526560db23e6a93,336ec76a9accfb5359ea7e69f2610947,19
b2c59cbe723394436526560db23e6a93,5f2d1b7a31eb9117654c9d056093bfa5,8
b2c59cbe723394436526560db23e6a93,bc77b0f38cb51b2cfe8552000e585cbf,-1
b2c59cbe723394436526560db23e6a93,4596ed9dd04a94f6ad5e60ebda302350,-4
b2c59cbe723394436526560db23e6a93,1278107e4a5c3735de706159c381fd82,9
b2c59cbe723394436526560db23e6a93,9075d598a348b290d9c426e41662e593,1
b2c59cbe723394436526560db23e6a93,110efe8a264188c41b74dca2c1211247,-10
b2c59cbe723394436526560db23e6a93,f74cedcf99a3aabc222398db7499bac1,0
b2c59cbe723394436526560db23e6a93,3ac301867a2503f6aba31824dd7364db,-9
b2c59cbe723394436526560db23e6a93,2892cf3e89fc147144ccbd45a194d64a,9
b2c59cbe723394436526560db23e6a93,648cb1de466b2c196fcd360502c34458,8
b2c59cbe723394436526560db23e6a93,321fe275d1d66f05c5014fd97e870834,-3
b2c59cbe723394436526560db23e6a93,d7f2b465bbe159ecb83cb95d120df260,-1
b2c59cbe723394436526560db23e6a93,050e16220dddff68fc37eca695cee3b4,1
b2c59cbe723394436526560db23e6a93,3a8bc5d57192fa6462a9b76f2eb06563,-10
bd1f8947f5541c2fb22f6328a58f4fc6,b90945b4a95bfc10ffc239ec4eac211d,23
bd1f8947f5541c2fb22f6328a58f4fc6,c6a9f7baaf3b88105816cf658c0cf7e8,8
bd1f8947f5541c2fb22f6328a58f4fc6,57ed4bb35e7cef3fc5f579bd119ceeca,-3
bd1f8947f5541c2fb22f6328a58f4fc6,70f7e0aad42e27aacb7490d349a4b233,-6
bd1f8947f5541c2fb22f6328a58f4fc6,4dda057700cc34ac57fede94ff8c0652,4
bd1f8947f5541c2fb22f6328a58f4fc6,173f319db1edc802bf85ecff4a759d8c,2
bd1f8947f5541c2fb22f6328a58f4fc6,bb78908ffd321b2e0709b9b462786360,-1
bd1f8947f5541c2fb22f6328a58f4fc6,bd20bf656b42bc62dbff50057d2b229a,2
bd1f8947f5541c2fb22f6328a58f4fc6,6747ed60ebf43c90d3329c9d744662cb,-17
bd1f8947f5541c2fb22f6328a58f4fc6,ff9ea417d5345bb5e4e6ec152ae2358f,1
bd1f8947f5541c2fb22f6328a58f4fc6,2f1121d01dbff3e3dd6f17841dd34120,-9
bd1f8947f5541c2fb22f6328a58f4fc6,e2e8d3e46399c9cfcdd591a26e81cf5f,1
bd1f8947f5541c2fb22f6328a58f4fc6,8744a467351282b52f1708ab0fac2e34,4
bd1f8947f5541c2fb22f6328a58f4fc6,cbc1063c3b1731493f5de7dcd822a193,-7
bd1f8947f5541c2fb22f6328a58f4fc6,efa17727bd73df9be0622d56ec5e7f15,2
bd1f8947f5541c2fb22f6328a58f4fc6,d39a4c1fa31258c322488a7329674adc,-7
bd1f8947f5541c2fb22f6328a58f4fc6,4341f809d409ac17565852620cf80cbd,-12
bd1f8947f5541c2fb22f6328a58f4fc6,35ca3467b0fbb6a737c25f3f4ca5b2a8,9
bd1f8947f5541c2fb22f6328a58f4fc6,8855d25a0461a5ed487d0dbc7ad6c73b,10
bd1f8947f5541c2fb22f6328a58f4fc6,89c04f26448f309cd55b487b0722bdad,10
bd1f8947f5541c2fb22f6328a58f4fc6,011ffbd69cd25a2324c720b64f31712a,-9
bd1f8947f5541c2fb22f6328a58f4fc6,e96dc78c444bead3a3e7d169f2fa6e07,-5
be5f61a5354154b3d7cba7536f189e2f,4eff0c7b3c32f68bfece327044b47b49,6
be5f61a5354154b3d7cba7536f189e2f,4a34b108d006b92660ec7593dde29e0d,24
be5f61a5354154b3d7cba7536f189e2f,30f38d775cff2a96532ccc7c5e48c48b,16
be5f61a5354154b3d7cba7536f189e2f,73cae0c04831cfb8dd47d5f41faf277f,23
be5f61a5354154b3d7cba7536f189e2f,52af793d0eeef92b05ce0d6b01cf2542,2
be5f61a5354154b3d7cba7536f189e2f,5ff25817b04f08b02c9781970f1234c6,-12
be5f61a5354154b3d7cba7536f189e2f,27ea17a8685c4919f157e83fe9cb2d9e,-3
be5f61a5354154b3d7cba7536f189e2f,57bbd7e30bc694aeee9ee40c583e6811,6
be5f61a5354154b3d7cba7536f189e2f,c00264c3114d23bac482e9de50fb7d28,-8
be5f61a5354154b3d7cba7536f189e2f,307beab25b1021a548b4a47550bc4b25,-22
be5f61a5354154b3d7cba7536f189e2f,0f02d616e027988803324c84e8951a0e,-1
be5f61a5354154b3d7cba7536f189e2f,05c7b48e2ce68df138826699856fe6a5,-9
be5f61a5354154b3d7cba7536f189e2f,ad6a98bfd42a5a831a1a3401eaf96785,-15
be5f61a5354154b3d7cba7536f189e2f,59f29037d9dc9165fb360b9b3612d919,8
be5f61a5354154b3d7cba7536f189e2f,6a20279d61d8be94ea457bb5f6fe077a,-10
be5f61a5354154b3d7cba7536f189e2f,c1fe6ed491d04e3cdf50755dff23b263,-6
be5f61a5354154b3d7cba7536f189e2f,603daefb2fa321f3abab289805fdcc25,7
be5f61a5354154b3d7cba7536f189e2f,8bb18fb1d0cc10c985afa823ecec6d18,2
be5f61a5354154b3d7cba7536f189e2f,dd5c21b550fa5e029f561a830763acbc,-7
be5f61a5354154b3d7cba7536f189e2f,60b5f9f68ccbbf7ba3fa13a2189e2775,-7
be5f61a5354154b3d7cba7536f189e2f,862015a22d1dd86103d865691dab92f0,5
be5f61a5354154b3d7cba7536f189e2f,50dd3829e418e0c92efe29566f288942,1
bfc4c8f688f511fb76f7fd82a3807f94,4d371dbb9d07b0a451e6a253244d3079,9
bfc4c8f688f511fb76f7fd82a3807f94,81bf6c77460a6f7219c623af50178de5,-13
bfc4c8f688f511fb76f7fd82a3807f94,3d6fa00462bffd51ce5cf6612ec9026a,-3
bfc4c8f688f511fb76f7fd82a3807f94,1e5a19729df6e4496686d9356be411ca,-3
bfc4c8f688f511fb76f7fd82a3807f94,171fe637accecc29979e5408595de077,-5
bfc4c8f688f511fb76f7fd82a3807f94,f2e41e7ce25aff54b85ee5ab66f69187,8
bfc4c8f688f511fb76f7fd82a3807f94,64434221db9ba319f8d13632f1c2ad32,7
bfc4c8f688f511fb76f7fd82a3807f94,c2502dbdbdc5273bac8daa884e3ff63a,-10
bfc4c8f688f511fb76f7fd82a3807f94,1b335cd14d37addc486b357c3b58db27,1
bfc4c8f688f511fb76f7fd82a3807f94,67f4ecb2bff373b7f14f59bdf87b47c6,-9
bfc4c8f688f511fb76f7fd82a3807f94,404f3be24b921150227c13f766e084cf,7
bfc4c8f688f511fb76f7fd82a3807f94,b2ba11f9de4921e8eee910b7c9d5404f,-3
bfc4c8f688f511fb76f7fd82a3807f94,085beb037fb1e12196085f66c9761cd4,6
bfc4c8f688f511fb76f7fd82a3807f94,e546fc654970cfc01f73c0d73250e97b,5
bfc4c8f688f511fb76f7fd82a3807f94,007b0de63548bac45dfacc0870a4a537,8
bfc4c8f688f511fb76f7fd82a3807f94,100cf64c65b01e459c9fdda0f8b75061,7
bfc4c8f688f511fb76f7fd82a3807f94,a82c2c880ccf01c25e5ffa252551a612,2
bfc4c8f688f511fb76f7fd82a3807f94,9fa70948d1ad86af009ffad239f8a464,-6
bfc4c8f688f511fb76f7fd82a3807f94,ffaf641f9379f76a57f15bab1e788e6d,-5
bfc4c8f688f511fb76f7fd82a3807f94,508d962863dc09f49884cdd9a53d804a,-3
bfc4c8f688f511fb76f7fd82a3807f94,4c96537f405d4671d86876fd67f0762d,0
c005dbf89ef3fb55d6f0f0461ada5560,83276e13d34f364faa3a24cecec245e1,19
c005dbf89ef3fb55d6f0f0461ada5560,461d33b042b3c349d69980f89e06f582,23
c005dbf89ef3fb55d6f0f0461ada5560,0c2d9d598f919d635d1f230ea475ef04,16
c005dbf89ef3fb55d6f0f0461ada5560,7c1c2ad6f3088c952dffd0335bb3af9b,8
c005dbf89ef3fb55d6f0f0461ada5560,0468a7cae6489acd7294600e8bad8b32,11
c005dbf89ef3fb55d6f0f0461ada5560,17c5b4a9be5e0fa567d3d38ca65e4005,-12
c005dbf89ef3fb55d6f0f0461ada5560,d4777cb3468137b35f7e80b7434bec27,-10
c005dbf89ef3fb55d6f0f0461ada5560,33f469a601417bebf0be722241d131e6,-13
c005dbf89ef3fb55d6f0f0461ada5560,0beb157ecf02b2c67048597bb3c514b5,-1
c005dbf89ef3fb55d6f0f0461ada5560,6de0ac647d194bdcfc0854c7ad51c44e,-12
c005dbf89ef3fb55d6f0f0461ada5560,e5e2fb66fc3e8ee0edf076e60d343031,8
c005dbf89ef3fb55d6f0f0461ada5560,d29058993b5746d37d0fd5348c5018e2,-19
c005dbf89ef3fb55d6f0f0461ada5560,c5a353e301078ea1cb4e8bc8fede12e9,-15
c005dbf89ef3fb55d6f0f0461ada5560,3637dae74ec0bcaa39275df5ef7bea71,-12
c005dbf89ef3fb55d6f0f0461ada5560,13742c470562ea186133c3a06e43d172,-9
c005dbf89ef3fb55d6f0f0461ada5560,e6d3fc584789b9b914791ec969a8d5a4,-2
c005dbf89ef3fb55d6f0f0461ada5560,321fe275d1d66f05c5014fd97e870834,5
c005dbf89ef3fb55d6f0f0461ada5560,110efe8a264188c41b74dca2c1211247,9
c005dbf89ef3fb55d6f0f0461ada5560,d7f2b465bbe159ecb83cb95d120df260,6
c18a10de1375b1f12aa17ef6cc540102,91a259d73f01cc44ea00b70444bdac89,-9
c18a10de1375b1f12aa17ef6cc540102,7021635e4c42453f92b82fe89cfffa35,-8
c18a10de1375b1f12aa17ef6cc540102,c493d9929037f011bcb3ff8a2e468c6a,-1
c18a10de1375b1f12aa17ef6cc540102,b07ed3ce0e4991320064795011f02d4d,-3
c18a10de1375b1f12aa17ef6cc540102,38165bacb00c27108cc23681972ee9ab,3
c18a10de1375b1f12aa17ef6cc540102,71cd93e320cd2da78733d23dae3274a0,8
c18a10de1375b1f12aa17ef6cc540102,e2d5a38e5f826708c89f2f728eade916,24
c18a10de1375b1f12aa17ef6cc540102,8bea2707e7bf04c8a3d8188b87d92c0e,3
c18a10de1375b1f12aa17ef6cc540102,952cb62f00fbb58407f3a7cd89c3a7bf,-1
c18a10de1375b1f12aa17ef6cc540102,1376b4800e5b2d50ce35a57827eadcfc,23
c18a10de1375b1f12aa17ef6cc540102,293f2b24a7c44b0d65cd9ac09b680ffc,-11
c18a10de1375b1f12aa17ef6cc540102,1e76e7a4a5b6d17e67172710d86b6b51,-5
c18a10de1375b1f12aa17ef6cc540102,d1af6080bd4b6a794ba3595dab2b1fb8,-4
c18a10de1375b1f12aa17ef6cc540102,b248b1d9caa41a3562d67584c1a0b399,9
c18a10de1375b1f12aa17ef6cc540102,6b08fc64c8d282c36e800d28eb278027,17
c18a10de1375b1f12aa17ef6cc540102,9cdb7fcbb36cb039e63ea8074df32a81,-17
c18a10de1375b1f12aa17ef6cc540102,b2e677220105e6d33b08f102109ae232,-9
c18a10de1375b1f12aa17ef6cc540102,53e6c98d995191bfb806c5a7cf93db05,-9
c18a10de1375b1f12aa17ef6cc540102,4b095e823bb1b4857a50d41a511930d4,0
c18a10de1375b1f12aa17ef6cc540102,84a4a3c70c57b7d570baca43b5423ba3,2
c18a10de1375b1f12aa17ef6cc540102,38f5dec297d58ecae62c8a9549004520,12
c18a10de1375b1f12aa17ef6cc540102,14629670f976c0320bd2085956d073e1,12
c18a10de1375b1f12aa17ef6cc540102,7438349cba4a3154e331f38cfbb2dd5e,-12
c18a10de1375b1f12aa17ef6cc540102,d2a15fd08b7e2fce833c736710c3fd5e,-12
c18a10de1375b1f12aa17ef6cc540102,00d19f69501c09d98507b48ceff105e6,-12
cc638bdf25316add638154b45434aebd,45e7a758a91a254ff04756562e740f2d,-3
cc638bdf25316add638154b45434aebd,c4072556336827a70c8a0298bc658b5b,-6
cc638bdf25316add638154b45434aebd,021dabc5d7a1404ec8ad34fe8ca4b5e3,3
cc638bdf25316add638154b45434aebd,ac0e388f8e54b5a360b572302b933639,-16
cc638bdf25316add638154b45434aebd,f79a2b5e6190ac3c534645e806f1b611,1
cc638bdf25316add638154b45434aebd,2b313e2bcef0268bc8e9415132ba9997,11
cc638bdf25316add638154b45434aebd,011ffbd69cd25a2324c720b64f31712a,10
cc638bdf25316add638154b45434aebd,5234e98b6206eb09c43f8cf19ae9d6ef,5
cc638bdf25316add638154b45434aebd,1362d9ad805e7cc4ea3a9467c91142d6,-12
cc638bdf25316add638154b45434aebd,c721802743c4dd0a6d0fbdc0ccb8d196,-12
cc638bdf25316add638154b45434aebd,6bf40f9c2b640febc71d1393fb24d894,1
cc638bdf25316add638154b45434aebd,a99f44bbff39e352191a870e17f04537,0
cc638bdf25316add638154b45434aebd,2db991f86a08c6e83cf5d916da7b16d7,-6
cc638bdf25316add638154b45434aebd,7afc3cf0c2557f13e927da9ab03725dc,14
cc638bdf25316add638154b45434aebd,091e956c671f029caa455f13ef42c4c2,-17
cc638bdf25316add638154b45434aebd,f4e77e1d9313c8f7274d0ca3ef38ed3d,8
cc638bdf25316add638154b45434aebd,bc6bc2e33f8e12c3632ba3cbf67200d1,1
cc638bdf25316add638154b45434aebd,4f4e47023263931e1445dc97f7dae941,15
cc638bdf25316add638154b45434aebd,5779f715384a05dc9cea4ddf21ab564c,11
cc638bdf25316add638154b45434aebd,be9b1397bcb9fb9104edd23670988cda,-8
d0c6985ffc5f03ba09393699467a580a,008c7fb331f92d216799d21a9104231a,6
d0c6985ffc5f03ba09393699467a580a,07695ef9feebc6ba02831f0f3c22662a,7
d0c6985ffc5f03ba09393699467a580a,c17f6e6b83ccc768962046f1af1372a5,8
d0c6985ffc5f03ba09393699467a580a,c6e0c30c8c02b0706682ec89eb6fc565,6
d0c6985ffc5f03ba09393699467a580a,0a4bdcb73ac21ffeb164386d44212f45,8
d0c6985ffc5f03ba09393699467a580a,825e2645d764579a9917c71844043eba,-13
d0c6985ffc5f03ba09393699467a580a,ea16528886a6058e0d8133e78bec598e,-6
d0c6985ffc5f03ba09393699467a580a,0d4f00ab57bedad897a0aecf8dfa692f,8
d0c6985ffc5f03ba09393699467a580a,54585b803d43739f9a55ac96da873fbf,-4
d0c6985ffc5f03ba09393699467a580a,cbd8848dea8700073ef1dbb218821339,-4
d0c6985ffc5f03ba09393699467a580a,30ffeac1e06740482da5c4f0dd3454ad,14
d0c6985ffc5f03ba09393699467a580a,a41e691698563706342ff5eca9e22bf1,3
d0c6985ffc5f03ba09393699467a580a,f974c6b5a65a034a866cd58014d6fbe3,9
d0c6985ffc5f03ba09393699467a580a,25f9b9aedb2a8c72079ebd39a3ff4c8c,18
d0c6985ffc5f03ba09393699467a580a,377f464a91323a8e2c5486ce2cb4c153,-11
d0c6985ffc5f03ba09393699467a580a,068cc724c0bdf4a9fc56d2eb2d88fb0f,-16
d0c6985ffc5f03ba09393699467a580a,0a7bab1764e8696f355e018c6fd0e8b7,-6
d0c6985ffc5f03ba09393699467a580a,7d2101502c53723c2aaf2a8e5f150d97,-13
d0c6985ffc5f03ba09393699467a580a,479986fc12b02040302f3d2b2a903e53,-14
d3a00898abc790fd5643d05f996f05f6,f2e41e7ce25aff54b85ee5ab66f69187,-9
d3a00898abc790fd5643d05f996f05f6,9b85cb9662c0d65b722d77aea12f3f13,-11
d3a00898abc790fd5643d05f996f05f6,4c96537f405d4671d86876fd67f0762d,-14
d3a00898abc790fd5643d05f996f05f6,c2502dbdbdc5273bac8daa884e3ff63a,-7
d3a00898abc790fd5643d05f996f05f6,1b335cd14d37addc486b357c3b58db27,2
d3a00898abc790fd5643d05f996f05f6,3ac301867a2503f6aba31824dd7364db,7
d3a00898abc790fd5643d05f996f05f6,b67e5a2e593be71fe871d7d511f0ab55,6
d3a00898abc790fd5643d05f996f05f6,b1ae0bb44250b8cd2e080de545a6cd1b,19
d3a00898abc790fd5643d05f996f05f6,321fe275d1d66f05c5014fd97e870834,-2
d3a00898abc790fd5643d05f996f05f6,d7f2b465bbe159ecb83cb95d120df260,0
d3a00898abc790fd5643d05f996f05f6,9fa70948d1ad86af009ffad239f8a464,-4
d3a00898abc790fd5643d05f996f05f6,007b0de63548bac45dfacc0870a4a537,2
d3a00898abc790fd5643d05f996f05f6,110efe8a264188c41b74dca2c1211247,-1
d3a00898abc790fd5643d05f996f05f6,67f4ecb2bff373b7f14f59bdf87b47c6,4
d3a00898abc790fd5643d05f996f05f6,c9c7a2ee43d9e8b1dd0c6eb6f9be7022,1
d3a00898abc790fd5643d05f996f05f6,9dfb640c64a314da8e0fd9993fea7c8f,1
d3a00898abc790fd5643d05f996f05f6,508d962863dc09f49884cdd9a53d804a,7
d3a00898abc790fd5643d05f996f05f6,404f3be24b921150227c13f766e084cf,3
d3a00898abc790fd5643d05f996f05f6,12f2718c657784e4b5f766789d3df3bf,-1
d3a00898abc790fd5643d05f996f05f6,063e48c00d94d39401fac3f94276ce6a,-3
d9eb042455c8f36574d3a52e678a8916,59f29037d9dc9165fb360b9b3612d919,-9
d9eb042455c8f36574d3a52e678a8916,4eff0c7b3c32f68bfece327044b47b49,7
d9eb042455c8f36574d3a52e678a8916,4a34b108d006b92660ec7593dde29e0d,5
d9eb042455c8f36574d3a52e678a8916,30f38d775cff2a96532ccc7c5e48c48b,9
d9eb042455c8f36574d3a52e678a8916,73cae0c04831cfb8dd47d5f41faf277f,-4
d9eb042455c8f36574d3a52e678a8916,2f04dbbabeefc1447ca06ae228d8b42c,-2
d9eb042455c8f36574d3a52e678a8916,93cccaa284535f9bef1dbce1d6adfb34,0
d9eb042455c8f36574d3a52e678a8916,b0b5fb4a9b857c0cf63b80c1893bfef4,-7
d9eb042455c8f36574d3a52e678a8916,522a32a0442e32bce9aba28ac7ba327b,6
d9eb042455c8f36574d3a52e678a8916,039bd19014e6cfcf867f442aa412ad6a,8
d9eb042455c8f36574d3a52e678a8916,ad6a98bfd42a5a831a1a3401eaf96785,-2
d9eb042455c8f36574d3a52e678a8916,0f02d616e027988803324c84e8951a0e,-2
d9eb042455c8f36574d3a52e678a8916,53502b8d547e58de75cb1622f66cae09,7
d9eb042455c8f36574d3a52e678a8916,466ef3d80ec02640eeecea72e08ad8c6,-7
d9eb042455c8f36574d3a52e678a8916,d3e3ae70ac393f24335f922cdeec1b1a,-7
d9eb042455c8f36574d3a52e678a8916,05c7b48e2ce68df138826699856fe6a5,9
d9eb042455c8f36574d3a52e678a8916,36d0e99d34dfb110a853cd2892065234,5
d9eb042455c8f36574d3a52e678a8916,cdb159e491966787f661d65f4d997fe8,-12
d9eb042455c8f36574d3a52e678a8916,aa062d0d43fb0f311e962c085e1fb744,4
d9eb042455c8f36574d3a52e678a8916,16f7d070421f93ae177d8adf1bc0edf2,-7
d9eb042455c8f36574d3a52e678a8916,4d64187a5343a51197a799982a97d173,-1
dadcdbe527d9d72f8b0907796f7559cb,5e6c9c4441186264607c60fcc533574c,12
dadcdbe527d9d72f8b0907796f7559cb,317a4d61e1dd679f93b3628f3e35e0d0,9
dadcdbe527d9d72f8b0907796f7559cb,2f47647508381809be04b091b6ca7784,15
dadcdbe527d9d72f8b0907796f7559cb,5cfae6b3803440cb1d87ceead6aad4eb,25
dadcdbe527d9d72f8b0907796f7559cb,978f65d65974dcaaea595daaa1b35a2a,26
dadcdbe527d9d72f8b0907796f7559cb,3b532bdaf4b8e53a39e49771a8339720,-21
dadcdbe527d9d72f8b0907796f7559cb,875a3f8821cc8b53f87e446230015c62,-20
dadcdbe527d9d72f8b0907796f7559cb,54393360fa8811223b580041b2792de8,-11
dadcdbe527d9d72f8b0907796f7559cb,83944f9dd3038c23ba3bfedebce2519e,-23
dadcdbe527d9d72f8b0907796f7559cb,2eeada608e233557df90216a902fbc98,-25
dadcdbe527d9d72f8b0907796f7559cb,f8e9b9ba10fcf68af334471084df15c9,-18
dadcdbe527d9d72f8b0907796f7559cb,377f464a91323a8e2c5486ce2cb4c153,-35
dadcdbe527d9d72f8b0907796f7559cb,249de90677348e56e1f8c68e67edd04f,19
dadcdbe527d9d72f8b0907796f7559cb,92dcab554aa5587162253437a4e485c6,19
dadcdbe527d9d72f8b0907796f7559cb,d39fd16f0b287a447787404fedf12983,-22
dadcdbe527d9d72f8b0907796f7559cb,efccee5aa58785e3778eb8d773dfa791,-15
dadcdbe527d9d72f8b0907796f7559cb,4121c3bfb44f9d3a3151b212f31e7e04,13
dadcdbe527d9d72f8b0907796f7559cb,74830bfa36f9e2005b3b6beb635e80f5,13
dadcdbe527d9d72f8b0907796f7559cb,ffaf641f9379f76a57f15bab1e788e6d,10
dadcdbe527d9d72f8b0907796f7559cb,24724aa699e58a03806f85980aa6e7c0,10
dadcdbe527d9d72f8b0907796f7559cb,928d7057f3a2b03d6e1574c5a55d0a54,10
dadcdbe527d9d72f8b0907796f7559cb,b2ba11f9de4921e8eee910b7c9d5404f,9
dc9261160f28c7e28ffe11e9724aa2b3,db86ba65d6046f9384355934073a2b9d,3
dc9261160f28c7e28ffe11e9724aa2b3,b288a5a2a8615f37ae77f3ce71f061e8,8
dc9261160f28c7e28ffe11e9724aa2b3,852c9de6c917694981f071bc5eb58326,16
dc9261160f28c7e28ffe11e9724aa2b3,cc2c9a0eec200fae9bebb80d56d93b8c,-5
dc9261160f28c7e28ffe11e9724aa2b3,515b44596849db9f6f2b360c576398fc,10
dc9261160f28c7e28ffe11e9724aa2b3,1010437803b67e17a67a8966294555a7,-4
dc9261160f28c7e28ffe11e9724aa2b3,e43aba9ca924c29b2a41feb7d3c8bc5b,5
dc9261160f28c7e28ffe11e9724aa2b3,472dc36ed0d28b2fd318d15bbd292320,-5
dc9261160f28c7e28ffe11e9724aa2b3,907b36dd80d1411453e94bc61e2ca9a3,-15
dc9261160f28c7e28ffe11e9724aa2b3,fa5ca757de7c6c5ec97900bcabbc146e,-6
dc9261160f28c7e28ffe11e9724aa2b3,86221f74b2afc0d40da3005ce1479d4b,-10
dc9261160f28c7e28ffe11e9724aa2b3,0a7ae25da315e35e903233b4bb2252da,-18
dc9261160f28c7e28ffe11e9724aa2b3,59d0622b78201a399694cd27d235f863,-1
dc9261160f28c7e28ffe11e9724aa2b3,7367a4fcf2f4af747576b5dcb9ffdd77,8
dc9261160f28c7e28ffe11e9724aa2b3,6c15237c89ddcd2fd17c120149e033e9,-2
dc9261160f28c7e28ffe11e9724aa2b3,a30c2c75d6a204ed450a2c423c11d362,6
dc9261160f28c7e28ffe11e9724aa2b3,b177b26c374aefaddfc0895c08bf1ea7,-20
dc9261160f28c7e28ffe11e9724aa2b3,0b9f9787580f7ca0dbba7a0eb39b1c4d,17
dc9261160f28c7e28ffe11e9724aa2b3,f5250354772b45edb362cd3d5286b6e0,14
dc9261160f28c7e28ffe11e9724aa2b3,3d9bcb1390d5efea6bbce4aac0952178,-1
dd4d15aab3b091546f9bf65b7f562f26,3b532bdaf4b8e53a39e49771a8339720,-18
dd4d15aab3b091546f9bf65b7f562f26,285f819d294e245977e8bf12b2be4765,-14
dd4d15aab3b091546f9bf65b7f562f26,6e21954485044405e05c6384c99d23e3,-7
dd4d15aab3b091546f9bf65b7f562f26,83944f9dd3038c23ba3bfedebce2519e,-5
dd4d15aab3b091546f9bf65b7f562f26,2eeada608e233557df90216a902fbc98,-11
dd4d15aab3b091546f9bf65b7f562f26,fe1871734c4c4601acf113acb94da1b7,10
dd4d15aab3b091546f9bf65b7f562f26,417afba21d2c399474c48fa0d4993de2,15
dd4d15aab3b091546f9bf65b7f562f26,34c349ba8477c94eb0a7545b439c9bd3,17
dd4d15aab3b091546f9bf65b7f562f26,36b6d1374b888ef311eb59e4b7368f78,18
dd4d15aab3b091546f9bf65b7f562f26,6de0ac647d194bdcfc0854c7ad51c44e,10
dd4d15aab3b091546f9bf65b7f562f26,2f1ef4c0eab0128f3a2622ddf85cf201,-8
dd4d15aab3b091546f9bf65b7f562f26,54393360fa8811223b580041b2792de8,-9
dd4d15aab3b091546f9bf65b7f562f26,46f88362b82eee93adfda97ce7caa4ab,4
dd4d15aab3b091546f9bf65b7f562f26,f8e9b9ba10fcf68af334471084df15c9,-8
dd4d15aab3b091546f9bf65b7f562f26,66b04e3d18df11c48839db5bd1597c02,5
dd4d15aab3b091546f9bf65b7f562f26,de8c14a823090b1f97fbb15ce28fd078,1
dd4d15aab3b091546f9bf65b7f562f26,7ad27aab65cc1ce38a8720efe685e24f,-1
dd4d15aab3b091546f9bf65b7f562f26,7fece8953398ce9739a0d9bfc7b4a0e6,-7
dd4d15aab3b091546f9bf65b7f562f26,8fdab3e3f9022d0fadca93e4cd59cddc,7
dd4d15aab3b091546f9bf65b7f562f26,676ca52cf152e1691e774f02d61f6e35,4
dd4d15aab3b091546f9bf65b7f562f26,efccee5aa58785e3778eb8d773dfa791,-3
ded7de5f5252e901151b00938ce580c1,336ec76a9accfb5359ea7e69f2610947,-6
ded7de5f5252e901151b00938ce580c1,867712e1cdfd8b15d083f3be2af4bc0f,-12
ded7de5f5252e901151b00938ce580c1,5f2d1b7a31eb9117654c9d056093bfa5,-14
ded7de5f5252e901151b00938ce580c1,bc77b0f38cb51b2cfe8552000e585cbf,-6
ded7de5f5252e901151b00938ce580c1,4596ed9dd04a94f6ad5e60ebda302350,-9
ded7de5f5252e901151b00938ce580c1,9a07071107374d4c6a0292b80396c99c,3
ded7de5f5252e901151b00938ce580c1,fe1871734c4c4601acf113acb94da1b7,16
ded7de5f5252e901151b00938ce580c1,34c349ba8477c94eb0a7545b439c9bd3,16
ded7de5f5252e901151b00938ce580c1,3ac301867a2503f6aba31824dd7364db,6
ded7de5f5252e901151b00938ce580c1,36b6d1374b888ef311eb59e4b7368f78,3
ded7de5f5252e901151b00938ce580c1,050e16220dddff68fc37eca695cee3b4,-16
ded7de5f5252e901151b00938ce580c1,3a7ac3ab38d3261d8c162d52a7f4e644,-6
ded7de5f5252e901151b00938ce580c1,46f88362b82eee93adfda97ce7caa4ab,16
ded7de5f5252e901151b00938ce580c1,963242c7a25ba9a70b245f482e960e75,-10
ded7de5f5252e901151b00938ce580c1,7ad27aab65cc1ce38a8720efe685e24f,12
ded7de5f5252e901151b00938ce580c1,417afba21d2c399474c48fa0d4993de2,9
ded7de5f5252e901151b00938ce580c1,8fdab3e3f9022d0fadca93e4cd59cddc,10
ded7de5f5252e901151b00938ce580c1,36f020989d86eefe270ab346e6f80e4e,-9
ded7de5f5252e901151b00938ce580c1,9075d598a348b290d9c426e41662e593,2
ded7de5f5252e901151b00938ce580c1,2892cf3e89fc147144ccbd45a194d64a,2
ded7de5f5252e901151b00938ce580c1,2faa88bc657b3dbf4aeeb2f3eb7a1e23,2
ded7de5f5252e901151b00938ce580c1,648cb1de466b2c196fcd360502c34458,2
ded7de5f5252e901151b00938ce580c1,676ca52cf152e1691e774f02d61f6e35,-6
ded7de5f5252e901151b00938ce580c1,de8c14a823090b1f97fbb15ce28fd078,-5
e26fa57f2c5e83edc21e3f97b55cbecd,6336b73a02925ee68f635cdf2a5101f1,-5
e26fa57f2c5e83edc21e3f97b55cbecd,881f83d2dee3f18c7d1751659406144e,-7
e26fa57f2c5e83edc21e3f97b55cbecd,7e0fe3d0e532a5786e2eec9b5d1bedc6,-10
e26fa57f2c5e83edc21e3f97b55cbecd,dcb6b241fcbbd838bc3437c8e1fc4ccb,-3
e26fa57f2c5e83edc21e3f97b55cbecd,e8f08c4244cbc01674a2c6f7c10117ae,-3
e26fa57f2c5e83edc21e3f97b55cbecd,762b12c3cb57fad4b882040b3293fa31,18
e26fa57f2c5e83edc21e3f97b55cbecd,394e78a51b6d2fd3c046f11f49fcab57,19
e26fa57f2c5e83edc21e3f97b55cbecd,1a8dfc8c85278dd28ed7985e40fc6018,11
e26fa57f2c5e83edc21e3f97b55cbecd,d8e4f0fd2e836518e681c99a3f9e4411,13
e26fa57f2c5e83edc21e3f97b55cbecd,646b0273682c1592a938bbfb21332ded,10
e26fa57f2c5e83edc21e3f97b55cbecd,74f677b5efa87503eead993dfa30ca27,-14
e26fa57f2c5e83edc21e3f97b55cbecd,ba5861d8e221e712fc92aebfe00a4782,-10
e26fa57f2c5e83edc21e3f97b55cbecd,9e0ccb212abed9880097869dbfb903c5,-10
e26fa57f2c5e83edc21e3f97b55cbecd,1c73194e0fa711701298e4a27b046bab,6
e26fa57f2c5e83edc21e3f97b55cbecd,73be785a9fbca2eff767fbce1c398d66,-7
e26fa57f2c5e83edc21e3f97b55cbecd,83ec3271b8078785b0055a1f7817068f,-11
e26fa57f2c5e83edc21e3f97b55cbecd,1532445b96ca1edd411bfae064b189bb,0
e26fa57f2c5e83edc21e3f97b55cbecd,e211885d70d20be63797249090882c53,-4
e26fa57f2c5e83edc21e3f97b55cbecd,85b8db431f11d51d5def87fc58229be4,7
e3ca2e93a38f7497b6f476c86f5b2136,2b8bdfc64f41d1adefabcf7e0667a618,16
e3ca2e93a38f7497b6f476c86f5b2136,17651fd844ca9177694e0fe8e13ade03,28
e3ca2e93a38f7497b6f476c86f5b2136,387d067091bd3a9264576ddb74759f5f,31
e3ca2e93a38f7497b6f476c86f5b2136,5fe2b12999c5b4a17dba17cb76b0cfbc,21
e3ca2e93a38f7497b6f476c86f5b2136,f5f1164263044fc2ee91242daa221045,26
e3ca2e93a38f7497b6f476c86f5b2136,5ff25817b04f08b02c9781970f1234c6,-25
e3ca2e93a38f7497b6f476c86f5b2136,57bbd7e30bc694aeee9ee40c583e6811,-38
e3ca2e93a38f7497b6f476c86f5b2136,c00264c3114d23bac482e9de50fb7d28,-43
e3ca2e93a38f7497b6f476c86f5b2136,307beab25b1021a548b4a47550bc4b25,-4
e3ca2e93a38f7497b6f476c86f5b2136,60b5f9f68ccbbf7ba3fa13a2189e2775,-6
e3ca2e93a38f7497b6f476c86f5b2136,43a74f78a8e39c7fb0ad193fb24f52ba,-9
e3ca2e93a38f7497b6f476c86f5b2136,e6d3fc584789b9b914791ec969a8d5a4,-25
e3ca2e93a38f7497b6f476c86f5b2136,e688b1a601a44fb2ac79c58bf6c89e8b,-6
e3ca2e93a38f7497b6f476c86f5b2136,a60cb266e26f960c075b6694022baae6,-3
e3ca2e93a38f7497b6f476c86f5b2136,603daefb2fa321f3abab289805fdcc25,11
e3ca2e93a38f7497b6f476c86f5b2136,8bb18fb1d0cc10c985afa823ecec6d18,17
e3ca2e93a38f7497b6f476c86f5b2136,dd5c21b550fa5e029f561a830763acbc,14
e3ca2e93a38f7497b6f476c86f5b2136,52c2b7c1bc3d4104de29f896fc644871,12
e3ca2e93a38f7497b6f476c86f5b2136,b73aad6e3aa709f60c19344e876acc10,-3
e3ca2e93a38f7497b6f476c86f5b2136,1f2bef6aac30136c2f03004656efa3c0,-4
e3ca2e93a38f7497b6f476c86f5b2136,ab1aaee5e4a6d0121e58866080be4ca8,-5
e3ca2e93a38f7497b6f476c86f5b2136,67871d34cda8ae6037909c357510928c,-5
e44e31fefaa028c1e9df1a71d4aff555,93cccaa284535f9bef1dbce1d6adfb34,-10
e44e31fefaa028c1e9df1a71d4aff555,466ef3d80ec02640eeecea72e08ad8c6,-9
e44e31fefaa028c1e9df1a71d4aff555,522a32a0442e32bce9aba28ac7ba327b,-18
e44e31fefaa028c1e9df1a71d4aff555,039bd19014e6cfcf867f442aa412ad6a,0
e44e31fefaa028c1e9df1a71d4aff555,16f7d070421f93ae177d8adf1bc0edf2,-10
e44e31fefaa028c1e9df1a71d4aff555,adcd53acc9f5585db4c510745b2bac89,15
e44e31fefaa028c1e9df1a71d4aff555,9d4117dd37b6a8592a711ef940b82de4,2
e44e31fefaa028c1e9df1a71d4aff555,58f273dbbf002f0ec411fc247e07dd0a,-3
e44e31fefaa028c1e9df1a71d4aff555,9f0ee42268a2542d7fd028fe79184286,12
e44e31fefaa028c1e9df1a71d4aff555,1cd0599b37f77c2be76a2c6df23d1ba8,8
e44e31fefaa028c1e9df1a71d4aff555,eaa6c5d9e964e04fa05b4db476fb46f0,5
e44e31fefaa028c1e9df1a71d4aff555,d3e3ae70ac393f24335f922cdeec1b1a,4
e44e31fefaa028c1e9df1a71d4aff555,f285f13f0c036a88bd85535e47e88aef,-12
e44e31fefaa028c1e9df1a71d4aff555,a555fb30be57b11cdfbffa3654ba9f83,12
e44e31fefaa028c1e9df1a71d4aff555,2f04dbbabeefc1447ca06ae228d8b42c,12
e44e31fefaa028c1e9df1a71d4aff555,aa062d0d43fb0f311e962c085e1fb744,3
e44e31fefaa028c1e9df1a71d4aff555,62a21c6589a18649d9d4c8a651a829ce,-10
e44e31fefaa028c1e9df1a71d4aff555,28ce9a11a56397b259299fdd9710dab5,3
e44e31fefaa028c1e9df1a71d4aff555,cdb159e491966787f661d65f4d997fe8,-4
e44e31fefaa028c1e9df1a71d4aff555,8b1f1c4a8f9f63c436dd736e77b0e9e8,0
f0332f91eb943b64b39ef28daf6639c5,59f29037d9dc9165fb360b9b3612d919,11
f0332f91eb943b64b39ef28daf6639c5,4eff0c7b3c32f68bfece327044b47b49,28
f0332f91eb943b64b39ef28daf6639c5,4a34b108d006b92660ec7593dde29e0d,39
f0332f91eb943b64b39ef28daf6639c5,30f38d775cff2a96532ccc7c5e48c48b,17
f0332f91eb943b64b39ef28daf6639c5,73cae0c04831cfb8dd47d5f41faf277f,41
f0332f91eb943b64b39ef28daf6639c5,db86ba65d6046f9384355934073a2b9d,-33
f0332f91eb943b64b39ef28daf6639c5,dfc487cf688d18f2a848bbf05e7a9f47,-31
f0332f91eb943b64b39ef28daf6639c5,b288a5a2a8615f37ae77f3ce71f061e8,-24
f0332f91eb943b64b39ef28daf6639c5,cc2c9a0eec200fae9bebb80d56d93b8c,-25
f0332f91eb943b64b39ef28daf6639c5,6c15237c89ddcd2fd17c120149e033e9,-17
f0332f91eb943b64b39ef28daf6639c5,59d0622b78201a399694cd27d235f863,-9
f0332f91eb943b64b39ef28daf6639c5,36d0e99d34dfb110a853cd2892065234,9
f0332f91eb943b64b39ef28daf6639c5,ad6a98bfd42a5a831a1a3401eaf96785,-14
f0332f91eb943b64b39ef28daf6639c5,0a7ae25da315e35e903233b4bb2252da,9
f0332f91eb943b64b39ef28daf6639c5,0f02d616e027988803324c84e8951a0e,3
f0332f91eb943b64b39ef28daf6639c5,b177b26c374aefaddfc0895c08bf1ea7,3
f0332f91eb943b64b39ef28daf6639c5,05c7b48e2ce68df138826699856fe6a5,-11
f0332f91eb943b64b39ef28daf6639c5,66c0552461f4db5611a978058e90b8b4,-1
f0332f91eb943b64b39ef28daf6639c5,52af793d0eeef92b05ce0d6b01cf2542,21
f0332f91eb943b64b39ef28daf6639c5,53502b8d547e58de75cb1622f66cae09,-5
f0332f91eb943b64b39ef28daf6639c5,515b44596849db9f6f2b360c576398fc,5
f0332f91eb943b64b39ef28daf6639c5,862015a22d1dd86103d865691dab92f0,-5
f0332f91eb943b64b39ef28daf6639c5,6a20279d61d8be94ea457bb5f6fe077a,-4
f0332f91eb943b64b39ef28daf6639c5,3d9bcb1390d5efea6bbce4aac0952178,-5
f0332f91eb943b64b39ef28daf6639c5,12d1d91e35cddf4defdd250392f4f2e5,-2
f385e8caae86b6cb58ed3241c1278ce3,4d371dbb9d07b0a451e6a253244d3079,5
f385e8caae86b6cb58ed3241c1278ce3,e546fc654970cfc01f73c0d73250e97b,2
f385e8caae86b6cb58ed3241c1278ce3,1e5a19729df6e4496686d9356be411ca,4
f385e8caae86b6cb58ed3241c1278ce3,171fe637accecc29979e5408595de077,0
f385e8caae86b6cb58ed3241c1278ce3,100cf64c65b01e459c9fdda0f8b75061,-1
f385e8caae86b6cb58ed3241c1278ce3,e5e2fb66fc3e8ee0edf076e60d343031,-21
f385e8caae86b6cb58ed3241c1278ce3,d4777cb3468137b35f7e80b7434bec27,0
f385e8caae86b6cb58ed3241c1278ce3,0beb157ecf02b2c67048597bb3c514b5,-2
f385e8caae86b6cb58ed3241c1278ce3,b67e5a2e593be71fe871d7d511f0ab55,-19
f385e8caae86b6cb58ed3241c1278ce3,78b2c63af827b482d7e3ffa096f4fbd2,-2
f385e8caae86b6cb58ed3241c1278ce3,110efe8a264188c41b74dca2c1211247,8
f385e8caae86b6cb58ed3241c1278ce3,6becc2cf336cee342d817b90d632ae14,5
f385e8caae86b6cb58ed3241c1278ce3,3d6fa00462bffd51ce5cf6612ec9026a,3
f385e8caae86b6cb58ed3241c1278ce3,17c5b4a9be5e0fa567d3d38ca65e4005,-12
f385e8caae86b6cb58ed3241c1278ce3,6de0ac647d194bdcfc0854c7ad51c44e,5
f385e8caae86b6cb58ed3241c1278ce3,a82c2c880ccf01c25e5ffa252551a612,10
f385e8caae86b6cb58ed3241c1278ce3,f74cedcf99a3aabc222398db7499bac1,-7
f385e8caae86b6cb58ed3241c1278ce3,a60cb266e26f960c075b6694022baae6,15
f385e8caae86b6cb58ed3241c1278ce3,321fe275d1d66f05c5014fd97e870834,-5
f385e8caae86b6cb58ed3241c1278ce3,5b82a306c99fa6afb74114ad40c19c94,2
f385e8caae86b6cb58ed3241c1278ce3,b1ae0bb44250b8cd2e080de545a6cd1b,5
f385e8caae86b6cb58ed3241c1278ce3,d7f2b465bbe159ecb83cb95d120df260,5
fdeb2950c4d5209d449ebd2d6afac11e,45e7a758a91a254ff04756562e740f2d,-9
fdeb2950c4d5209d449ebd2d6afac11e,d38e656ac7e867b6f28064fcf8d8fcaf,-7
fdeb2950c4d5209d449ebd2d6afac11e,c4072556336827a70c8a0298bc658b5b,-19
fdeb2950c4d5209d449ebd2d6afac11e,315f46f7a5e1de7ef9b4c2430ce64e2d,-8
fdeb2950c4d5209d449ebd2d6afac11e,021dabc5d7a1404ec8ad34fe8ca4b5e3,-17
fdeb2950c4d5209d449ebd2d6afac11e,008c7fb331f92d216799d21a9104231a,13
fdeb2950c4d5209d449ebd2d6afac11e,07695ef9feebc6ba02831f0f3c22662a,17
fdeb2950c4d5209d449ebd2d6afac11e,c17f6e6b83ccc768962046f1af1372a5,8
fdeb2950c4d5209d449ebd2d6afac11e,c6e0c30c8c02b0706682ec89eb6fc565,12
fdeb2950c4d5209d449ebd2d6afac11e,0a4bdcb73ac21ffeb164386d44212f45,8
fdeb2950c4d5209d449ebd2d6afac11e,479986fc12b02040302f3d2b2a903e53,10
fdeb2950c4d5209d449ebd2d6afac11e,be9b1397bcb9fb9104edd23670988cda,0
fdeb2950c4d5209d449ebd2d6afac11e,7afc3cf0c2557f13e927da9ab03725dc,10
fdeb2950c4d5209d449ebd2d6afac11e,4f4e47023263931e1445dc97f7dae941,0
fdeb2950c4d5209d449ebd2d6afac11e,7d2101502c53723c2aaf2a8e5f150d97,0
fdeb2950c4d5209d449ebd2d6afac11e,3db8556c1f1efeb42aa762e45e2b25d4,-5
fdeb2950c4d5209d449ebd2d6afac11e,f79a2b5e6190ac3c534645e806f1b611,-2
fdeb2950c4d5209d449ebd2d6afac11e,068cc724c0bdf4a9fc56d2eb2d88fb0f,-8
fdeb2950c4d5209d449ebd2d6afac11e,ac0e388f8e54b5a360b572302b933639,2
fdeb2950c4d5209d449ebd2d6afac11e,5779f715384a05dc9cea4ddf21ab564c,5
fdeb2950c4d5209d449ebd2d6afac11e,f4e77e1d9313c8f7274d0ca3ef38ed3d,5
fdeb2950c4d5209d449ebd2d6afac11e,377f464a91323a8e2c5486ce2cb4c153,-5
fdeb2950c4d5209d449ebd2d6afac11e,2dccc7085f3e5aa5a404fa6ef1bdd672,-5
fdeb2950c4d5209d449ebd2d6afac11e,ad0cbdf3bde800a9ff964cd041d26e28,-5
